,SKU,Category,Price,Brand,Model,linkofproduct
0,OnePlus Y Series 80 cm (32 inches) HD Ready LED Smart Android TV 32Y1 (Black) (2020 Model),Smart Televisions,"₹ 13,990.00",,,https://www.amazon.in/gp/slredirect/picassoRedirect.html/ref=pa_sp_atf_browse_electronics_sr_pg1_1?ie=UTF8&adId=A08805473Q8ZCGCAGSKOP&url=%2FOnePlus-inches-Ready-Android-32Y1%2Fdp%2FB08B42LWKN%2Fref%3Dsr_1_1_sspa%3Fdchild%3D1%26fst%3Das%253Aoff%26qid%3D1596287247%26rnid%3D1389396031%26s%3Delectronics%26sr%3D1-1-spons%26psc%3D1&qualifier=1604444512&id=3015057850281732&widgetName=sp_atf_browse
1,TCL 138.78 cm (55 inches)  AI 4K UHD Certified Android Smart LED TV 55P8 (Black) (2019 Model),Smart Televisions,"₹ 34,999.00",,,https://www.amazon.in/gp/slredirect/picassoRedirect.html/ref=pa_sp_atf_browse_electronics_sr_pg1_1?ie=UTF8&adId=A005130611EOM9G22AGU7&url=%2FTCL-138-78-Certified-Android-55P8%2Fdp%2FB07TMRFDP8%2Fref%3Dsr_1_2_sspa%3Fdchild%3D1%26fst%3Das%253Aoff%26qid%3D1596287247%26rnid%3D1389396031%26s%3Delectronics%26sr%3D1-2-spons%26psc%3D1&qualifier=1604444512&id=3015057850281732&widgetName=sp_atf_browse
2,OnePlus Y Series 80 cm (32 inches) HD Ready LED Smart Android TV 32Y1 (Black) (2020 Model),Smart Televisions,"₹ 13,990.00",,,https://www.amazon.in/OnePlus-inches-Ready-Android-32Y1/dp/B08B42LWKN/ref=sr_1_3?dchild=1&fst=as%3Aoff&qid=1596287247&rnid=1389396031&s=electronics&sr=1-3
3,Mi TV 4A PRO 80 cm (32 inches) HD Ready Android LED TV (Black) | With Data Saver,Smart Televisions,"₹ 13,499.00",,,https://www.amazon.in/Mi-inches-Ready-Android-Black/dp/B084872DQY/ref=sr_1_4?dchild=1&fst=as%3Aoff&qid=1596287247&rnid=1389396031&s=electronics&sr=1-4
4,OnePlus Y Series 108 cm (43 inches) Full HD LED Smart Android TV 43Y1 (Black) (2020 Model),Smart Televisions,"₹ 23,990.00",,,https://www.amazon.in/OnePlus-inches-Smart-Android-43Y1/dp/B08B42HNH7/ref=sr_1_5?dchild=1&fst=as%3Aoff&qid=1596287247&rnid=1389396031&s=electronics&sr=1-5
5,LG 80 cm (32 inches) HD Ready Smart LED TV 32LM563BPTC (Dark Iron Gray) (2020 Model),Smart Televisions,"₹ 14,490.00",,,https://www.amazon.in/LG-inches-Ready-Smart-32LM563BPTC/dp/B08DPLCM6T/ref=sr_1_6?dchild=1&fst=as%3Aoff&qid=1596287247&rnid=1389396031&s=electronics&sr=1-6
6,Samsung 80 cm (32 Inches) Wondertainment Series HD Ready LED Smart TV UA32T4340AKXXL (Glossy Black) (2020 Model),Smart Televisions,"₹ 14,499.00",,,https://www.amazon.in/Samsung-Inches-Wondertainment-UA32T4340AKXXL-Glossy/dp/B086WZSK4F/ref=sr_1_7?dchild=1&fst=as%3Aoff&qid=1596287247&rnid=1389396031&s=electronics&sr=1-7
7,Mi TV 4X 138.8 cm (55 Inches) Ultra HD Android LED TV (Black),Smart Televisions,"₹ 36,999.00",,,https://www.amazon.in/Mi-138-8-Inches-Ultra-Android/dp/B081Z1RQLV/ref=sr_1_8?dchild=1&fst=as%3Aoff&qid=1596287247&rnid=1389396031&s=electronics&sr=1-8
8,TCL 100 cm (40 inches) Full HD Certified Android Smart LED TV 40S6500FS (Black) (2020 Model),Smart Televisions,"₹ 17,999.00",,,https://www.amazon.in/TCL-100-3cm-inches-Android-Smart/dp/B07KCCWJTP/ref=sr_1_9?dchild=1&fst=as%3Aoff&qid=1596287247&rnid=1389396031&s=electronics&sr=1-9
9,LG 108 cm (43 inches) Full HD LED Smart TV 43LM5650PTA (Ceramic Black) (2020 Model),Smart Televisions,"₹ 28,980.00",,,https://www.amazon.in/LG-inches-Smart-43LM5650PTA-Ceramic/dp/B08G21VNQQ/ref=sr_1_10?dchild=1&fst=as%3Aoff&qid=1596287247&rnid=1389396031&s=electronics&sr=1-10
10,Mi TV 4A PRO 108 cm (43 Inches) Full HD Android LED TV (Black) | With Data Saver,Smart Televisions,"₹ 22,499.00",,,https://www.amazon.in/Mi-LED-Full-Android-Black/dp/B07T89Z35Z/ref=sr_1_11?dchild=1&fst=as%3Aoff&qid=1596287247&rnid=1389396031&s=electronics&sr=1-11
11,LG 108 cm (43 inches) 4K UHD Smart LED TV 43UM7290PTF (Ceramic Black) (2019 Model),Smart Televisions,"₹ 34,990.00",,,https://www.amazon.in/LG-inches-Smart-43UM7290PTF-Ceramic/dp/B07TMFV9NN/ref=sr_1_12?dchild=1&fst=as%3Aoff&qid=1596287247&rnid=1389396031&s=electronics&sr=1-12
12,Sony Bravia 108 cm (43 inches) Full HD Smart LED TV KDL-43W6603 (Black) (2020 Model),Smart Televisions,"₹ 34,990.00",,,https://www.amazon.in/Sony-Bravia-inches-Smart-KDL-43W6603/dp/B086CGNG4T/ref=sr_1_13?dchild=1&fst=as%3Aoff&qid=1596287247&rnid=1389396031&s=electronics&sr=1-13
13,Samsung 80 cm (32 inches) Wondertainment Series HD Ready LED Smart TV UA32TE40AAKXXL (Titan Gray) (2020 model),Smart Televisions,"₹ 15,489.00",,,https://www.amazon.in/Samsung-inches-Wondertainment-Ready-UA32TE40AAKXXL/dp/B086RB1XCK/ref=sr_1_14?dchild=1&fst=as%3Aoff&qid=1596287247&rnid=1389396031&s=electronics&sr=1-14
14,Hisense 108 cm (43 inches) Full HD Smart Certified Android LED TV 43A56E (Black) (2020 Model),Smart Televisions,"₹ 22,480.00",,,https://www.amazon.in/gp/slredirect/picassoRedirect.html/ref=pa_sp_mtf_browse_electronics_sr_pg1_1?ie=UTF8&adId=A06707762ZSI7DNP45Z4Z&url=%2FHisense-inches-Certified-Android-43A56E%2Fdp%2FB08BXZ5XWX%2Fref%3Dsr_1_15_sspa%3Fdchild%3D1%26fst%3Das%253Aoff%26qid%3D1596287247%26rnid%3D1389396031%26s%3Delectronics%26sr%3D1-15-spons%26psc%3D1&qualifier=1604444512&id=3015057850281732&widgetName=sp_mtf_browse
15,TCL 100 cm (40 inches) Full HD Certified Android Smart LED TV 40S6500FS (Black) (2020 Model),Smart Televisions,"₹ 17,999.00",,,https://www.amazon.in/gp/slredirect/picassoRedirect.html/ref=pa_sp_mtf_browse_electronics_sr_pg1_1?ie=UTF8&adId=A06063853W2LSF5N2YVLK&url=%2FTCL-100-3cm-inches-Android-Smart%2Fdp%2FB07KCCWJTP%2Fref%3Dsr_1_16_sspa%3Fdchild%3D1%26fst%3Das%253Aoff%26qid%3D1596287247%26rnid%3D1389396031%26s%3Delectronics%26sr%3D1-16-spons%26psc%3D1&qualifier=1604444512&id=3015057850281732&widgetName=sp_mtf_browse
16,Samsung 138 cm (55 Inches) Wondertainment Series Ultra HD LED Smart TV UA55TUE60AKXXL (Titan Gray) (2020 model),Smart Televisions,"₹ 49,999.00",,,https://www.amazon.in/Samsung-Inches-Wondertainment-Ultra-UA55TUE60AKXXL/dp/B086RB5VSJ/ref=sr_1_17?dchild=1&fst=as%3Aoff&qid=1596287247&rnid=1389396031&s=electronics&sr=1-17
17,Kodak 80 cm (32 Inches) HD Certified Android LED TV 32HDX7XPRO (Black) (2020 Model),Smart Televisions,"₹ 10,999.00",,,https://www.amazon.in/Kodak-Inches-Certified-Android-32HDX7XPRO/dp/B08CS3BT4L/ref=sr_1_18?dchild=1&fst=as%3Aoff&qid=1596287247&rnid=1389396031&s=electronics&sr=1-18
18,Onida 108 cm (43 Inches) Fire TV Edition Full HD Smart IPS LED TV 43FIF (Black) (2019 Model),Smart Televisions,"₹ 21,990.00",,,https://www.amazon.in/Onida-108-Inches-Full-Smart/dp/B08171NJL9/ref=sr_1_19?dchild=1&fst=as%3Aoff&qid=1596287247&rnid=1389396031&s=electronics&sr=1-19
19,LG 139 cm (55 inches) 4K UHD Smart LED TV 55UM7290PTD (Ceramic BK + Dark Steel Silver) (2019 Model),Smart Televisions,"₹ 49,990.00",,,https://www.amazon.in/LG-inches-55UM7290PTD-Ceramic-Silver/dp/B07TKC14R5/ref=sr_1_20?dchild=1&fst=as%3Aoff&qid=1596287247&rnid=1389396031&s=electronics&sr=1-20
20,TCL 138.78 cm (55 inches)  AI 4K UHD Certified Android Smart LED TV 55P8 (Black) (2019 Model),Smart Televisions,"₹ 34,999.00",,,https://www.amazon.in/TCL-138-78-Certified-Android-55P8/dp/B07TMRFDP8/ref=sr_1_21?dchild=1&fst=as%3Aoff&qid=1596287247&rnid=1389396031&s=electronics&sr=1-21
21,TCL 108 cm (43 inches) 4K Ultra HD Certified Android Smart LED TV 43P615 (Black) (2020 Model),Smart Televisions,"₹ 23,999.00",,,https://www.amazon.in/TCL-inches-Certified-Android-43P615/dp/B08FD2VSD9/ref=sr_1_22?dchild=1&fst=as%3Aoff&qid=1596287247&rnid=1389396031&s=electronics&sr=1-22
22,Sony Bravia 138.8 cm (55 inches) 4K Ultra HD Smart LED TV KD-55X7002G (Black) (2019 Model),Smart Televisions,"₹ 58,990.00",,,https://www.amazon.in/Sony-Bravia-inches-Ultra-KD-55X7002G/dp/B07STKNJ9R/ref=sr_1_23?dchild=1&fst=as%3Aoff&qid=1596287247&rnid=1389396031&s=electronics&sr=1-23
23,OnePlus 138.8 cm (55 inches) Q1 Series 4K Certified Android QLED TV 55Q1IN-1 (Black) (Without Stand),Smart Televisions,"₹ 62,899.00",,,https://www.amazon.in/OnePlus-Certified-Android-55Q1IN-1-Without/dp/B07W5QZQ45/ref=sr_1_24?dchild=1&fst=as%3Aoff&qid=1596287247&rnid=1389396031&s=electronics&sr=1-24
24,Vu 108 cm (43 inches) Full HD UltraAndroid LED TV 43GA (Black) (2019 Model),Smart Televisions,"₹ 24,999.00",,,https://www.amazon.in/inches-UltraAndroid-43GA-Black-Model/dp/B07XMD275S/ref=sr_1_25?dchild=1&fst=as%3Aoff&qid=1596287247&rnid=1389396031&s=electronics&sr=1-25
25,Sony Bravia 108 cm (43 inches) 4K Ultra HD Smart Android LED TV 43X7400H (Black) (2020 Model),Smart Televisions,"₹ 49,990.00",,,https://www.amazon.in/Sony-Bravia-inches-Android-43X7400H/dp/B08BJR9J8C/ref=sr_1_26?dchild=1&fst=as%3Aoff&qid=1596287247&rnid=1389396031&s=electronics&sr=1-26
26,Sanyo 108 cm (43 inches) Kaizen Series Full HD Certified Android LED TV XT-43FHD4S (Black) (2020 Model),Smart Televisions,"₹ 21,999.00",,,https://www.amazon.in/Sanyo-inches-Certified-Android-XT-43FHD4S/dp/B08DY7GNJ8/ref=sr_1_27?dchild=1&fst=as%3Aoff&qid=1596287247&rnid=1389396031&s=electronics&sr=1-27
27,TCL 108 cm (43 inches)  AI 4K UHD Certified Android Smart LED TV 43P8 (Black) (2019 Model),Smart Televisions,"₹ 25,999.00",,,https://www.amazon.in/TCL-inches-Certified-Android-43P8/dp/B07TJK5RDB/ref=sr_1_28?dchild=1&fst=as%3Aoff&qid=1596287247&rnid=1389396031&s=electronics&sr=1-28
28,CloudWalker 165 cm (65 Inches) 4K Ultra HD Smart LED Screen 65SUA7 (Black) with Keyboard & Mouse,Smart Televisions,"₹ 47,490.00",,,https://www.amazon.in/gp/slredirect/picassoRedirect.html/ref=pa_sp_btf_browse_electronics_sr_pg1_1?ie=UTF8&adId=A05047861QNLBEO0J5G8I&url=%2FCloudWalker-Inches-Ultra-Screen-65SUA7%2Fdp%2FB08135V1SS%2Fref%3Dsr_1_29_sspa%3Fdchild%3D1%26fst%3Das%253Aoff%26qid%3D1596287247%26rnid%3D1389396031%26s%3Delectronics%26sr%3D1-29-spons%26psc%3D1&qualifier=1604444512&id=3015057850281732&widgetName=sp_btf_browse
29,TCL 138.78 cm (55 inches)  AI 4K UHD Certified Android Smart LED TV 55P8 (Black) (2019 Model),Smart Televisions,"₹ 34,999.00",,,https://www.amazon.in/gp/slredirect/picassoRedirect.html/ref=pa_sp_atf_browse_electronics_sr_pg2_1?ie=UTF8&adId=A005130611EOM9G22AGU7&url=%2FTCL-138-78-Certified-Android-55P8%2Fdp%2FB07TMRFDP8%2Fref%3Dsr_1_25_sspa%3Fdchild%3D1%26fst%3Das%253Aoff%26qid%3D1604444512%26rnid%3D1389396031%26s%3Delectronics%26sr%3D1-25-spons%26psc%3D1&qualifier=1604444522&id=2224435104863147&widgetName=sp_atf_browse
30,OnePlus Y Series 80 cm (32 inches) HD Ready LED Smart Android TV 32Y1 (Black) (2020 Model),Smart Televisions,"₹ 13,990.00",,,https://www.amazon.in/gp/slredirect/picassoRedirect.html/ref=pa_sp_atf_browse_electronics_sr_pg2_1?ie=UTF8&adId=A08805473Q8ZCGCAGSKOP&url=%2FOnePlus-inches-Ready-Android-32Y1%2Fdp%2FB08B42LWKN%2Fref%3Dsr_1_26_sspa%3Fdchild%3D1%26fst%3Das%253Aoff%26qid%3D1604444512%26rnid%3D1389396031%26s%3Delectronics%26sr%3D1-26-spons%26psc%3D1&qualifier=1604444522&id=2224435104863147&widgetName=sp_atf_browse
31,TCL 139 cm (55 inches)  AI 4K Ultra HD Certified Android Smart LED TV 55P715 (Sliver) (2020 Model),Smart Televisions,"₹ 44,499.00",,,https://www.amazon.in/TCL-inches-Certified-Android-55P715/dp/B08BS8S7Y5/ref=sr_1_27?dchild=1&fst=as%3Aoff&qid=1604444512&rnid=1389396031&s=electronics&sr=1-27
32,TCL 125.7 cm (50 inches) 4K Ultra HD Certified Android Smart QLED TV 50C715 (Metallic Black) (2020 Model) | with Voice Control,Smart Televisions,"₹ 45,199.00",,,https://www.amazon.in/TCL-Certified-Android-50C715-Metallic/dp/B08B26S82B/ref=sr_1_28?dchild=1&fst=as%3Aoff&qid=1604444512&rnid=1389396031&s=electronics&sr=1-28
33,Sanyo 139 cm (55 inches) Kaizen Series 4K Ultra HD Certified Android LED TV XT-55UHD4S (Black) (2020 Model),Smart Televisions,"₹ 37,999.00",,,https://www.amazon.in/Sanyo-inches-Certified-Android-XT-55UHD4S/dp/B08DY7FN8P/ref=sr_1_29?dchild=1&fst=as%3Aoff&qid=1604444512&rnid=1389396031&s=electronics&sr=1-29
34,TOSHIBA 80 cm (32 inches) Vidaa OS Series HD Ready Smart ADS LED TV 32L5050 (Black) (2020 Model),Smart Televisions,"₹ 12,989.00",,,https://www.amazon.in/TOSHIBA-inches-Vidaa-Ready-32L5050/dp/B08BXYJWQF/ref=sr_1_30?dchild=1&fst=as%3Aoff&qid=1604444512&rnid=1389396031&s=electronics&sr=1-30
35,Philips 80 cm (32 inches) 5800 Series HD Ready LED Smart TV 32PHT5813S/94 (Black),Smart Televisions,"₹ 13,999.00",,,https://www.amazon.in/Philips-inches-Ready-32PHT5813S-94/dp/B07JD3L5HW/ref=sr_1_31?dchild=1&fst=as%3Aoff&qid=1604444512&rnid=1389396031&s=electronics&sr=1-31
36,Sony Bravia 138.8 cm (55 inches) 4K Ultra HD Certified Android LED TV 55X7500H (Black) (2020 Model),Smart Televisions,"₹ 82,900.00",,,https://www.amazon.in/Sony-Bravia-Certified-Android-55X7500H/dp/B084T8MD6L/ref=sr_1_32?dchild=1&fst=as%3Aoff&qid=1604444512&rnid=1389396031&s=electronics&sr=1-32
37,Hisense 126 cm (50 inches) 4K Ultra HD Smart Certified Android LED TV 50A71F (Black) (2020 Model) | with Dolby Vision and Atmos,Smart Televisions,"₹ 33,990.00",,,https://www.amazon.in/Hisense-inches-Certified-Android-50A71F/dp/B08BXYW13G/ref=sr_1_33?dchild=1&fst=as%3Aoff&qid=1604444512&rnid=1389396031&s=electronics&sr=1-33
38,Hisense 108 cm (43 inches) 4K Ultra HD Smart Certified Android LED TV 43A71F (Black) (2020 Model) | with Dolby Vision and Atmos,Smart Televisions,"₹ 27,490.00",,,https://www.amazon.in/Hisense-inches-Certified-Android-43A71F/dp/B08BXXZ86T/ref=sr_1_34?dchild=1&fst=as%3Aoff&qid=1604444512&rnid=1389396031&s=electronics&sr=1-34
39,OnePlus 138.8 cm (55 inches) Q1 Series 4K Certified Android QLED TV 55Q1IN Pro (Black) | with Sliding Soundbar,Smart Televisions,"₹ 84,899.00",,,https://www.amazon.in/OnePlus-inches-Certified-Android-55Q1IN/dp/B07W7VQ3Z7/ref=sr_1_35?dchild=1&fst=as%3Aoff&qid=1604444512&rnid=1389396031&s=electronics&sr=1-35
40,TCL 108 cm (43 inches)  AI 4K Ultra HD Certified Android Smart LED TV 43P715 (Sliver) (2020 Model),Smart Televisions,"₹ 28,999.00",,,https://www.amazon.in/TCL-inches-Certified-Android-43P715/dp/B08BS949DQ/ref=sr_1_36?dchild=1&fst=as%3Aoff&qid=1604444512&rnid=1389396031&s=electronics&sr=1-36
41,TOSHIBA 108 cm (43 inches) Vidaa OS Series Full HD Smart ADS LED TV 43L5050 (Black) (2020 Model),Smart Televisions,"₹ 22,450.00",,,https://www.amazon.in/TOSHIBA-inches-Vidaa-Smart-43L5050/dp/B08BXY12RW/ref=sr_1_37?dchild=1&fst=as%3Aoff&qid=1604444512&rnid=1389396031&s=electronics&sr=1-37
42,Sony Bravia 80 cm (32 inches) HD Ready Smart LED TV 32W6100 (Black) (2020 Model),Smart Televisions,"₹ 23,990.00",,,https://www.amazon.in/Sony-Bravia-inches-Ready-32W6100/dp/B084T8MD6P/ref=sr_1_38?dchild=1&fst=as%3Aoff&qid=1604444512&rnid=1389396031&s=electronics&sr=1-38
43,Hisense 108 cm (43 inches) Full HD Smart Certified Android LED TV 43A56E (Black) (2020 Model),Smart Televisions,"₹ 22,480.00",,,https://www.amazon.in/gp/slredirect/picassoRedirect.html/ref=pa_sp_mtf_browse_electronics_sr_pg2_1?ie=UTF8&adId=A06707762ZSI7DNP45Z4Z&url=%2FHisense-inches-Certified-Android-43A56E%2Fdp%2FB08BXZ5XWX%2Fref%3Dsr_1_39_sspa%3Fdchild%3D1%26fst%3Das%253Aoff%26qid%3D1604444512%26rnid%3D1389396031%26s%3Delectronics%26sr%3D1-39-spons%26psc%3D1&qualifier=1604444522&id=2224435104863147&widgetName=sp_mtf_browse
44,TCL 100 cm (40 inches) Full HD Certified Android Smart LED TV 40S6500FS (Black) (2020 Model),Smart Televisions,"₹ 17,999.00",,,https://www.amazon.in/gp/slredirect/picassoRedirect.html/ref=pa_sp_mtf_browse_electronics_sr_pg2_1?ie=UTF8&adId=A06063853W2LSF5N2YVLK&url=%2FTCL-100-3cm-inches-Android-Smart%2Fdp%2FB07KCCWJTP%2Fref%3Dsr_1_40_sspa%3Fdchild%3D1%26fst%3Das%253Aoff%26qid%3D1604444512%26rnid%3D1389396031%26s%3Delectronics%26sr%3D1-40-spons%26psc%3D1&qualifier=1604444522&id=2224435104863147&widgetName=sp_mtf_browse
45,Panasonic 147 cm (58 inches) 4K Ultra HD Certified Android Smart LED TV TH-58HX450DX (Black) (2020 Model),Smart Televisions,"₹ 45,990.00",,,https://www.amazon.in/Panasonic-inches-Certified-Android-TH-58HX450DX/dp/B087K116SF/ref=sr_1_41?dchild=1&fst=as%3Aoff&qid=1604444512&rnid=1389396031&s=electronics&sr=1-41
46,Sony Bravia 80.1 cm (32 inches) Full HD LED Smart TV KLV-32W672G (Black),Smart Televisions,"₹ 29,990.00",,,https://www.amazon.in/Sony-Bravia-inches-Smart-KLV-32W672G/dp/B07QB77C92/ref=sr_1_42?dchild=1&fst=as%3Aoff&qid=1604444512&rnid=1389396031&s=electronics&sr=1-42
47,Sanyo 126 cm (50 inches) Kaizen Series 4K Ultra HD Certified Android LED TV XT-50UHD4S (Black) (2020 Model),Smart Televisions,"₹ 32,999.00",,,https://www.amazon.in/Sanyo-inches-Certified-Android-XT-50UHD4S/dp/B08DS94TQ4/ref=sr_1_43?dchild=1&fst=as%3Aoff&qid=1604444512&rnid=1389396031&s=electronics&sr=1-43
48,Philips 146 cm (58 inches) 6600 Series 4K Ultra HD LED Smart TV 58PUT6604/94 (Black) (2020 Model),Smart Televisions,,,,https://www.amazon.in/Philips-inches-Ultra-58PUT6604-94/dp/B08619L9J8/ref=sr_1_44?dchild=1&fst=as%3Aoff&qid=1604444512&rnid=1389396031&s=electronics&sr=1-44
49,Sony Bravia 108 cm (43 inches) 4K Ultra HD Certified Android LED TV 43X7500H (Black) (2020 Model),Smart Televisions,"₹ 52,990.00",,,https://www.amazon.in/Sony-Bravia-Certified-Android-43X7500H/dp/B084T8NJSQ/ref=sr_1_45?dchild=1&fst=as%3Aoff&qid=1604444512&rnid=1389396031&s=electronics&sr=1-45
50,LG 164 cm (65 inches) 4K Ultra HD Smart IPS LED TV 65UM7290PTD (Ceramic Black) (2020 Model),Smart Televisions,"₹ 82,990.00",,,https://www.amazon.in/LG-inches-Ultra-65UM7290PTD-Ceramic/dp/B08CBZ4JQ2/ref=sr_1_46?dchild=1&fst=as%3Aoff&qid=1604444512&rnid=1389396031&s=electronics&sr=1-46
51,Kevin 80 cm (32 Inches) HD Ready LED Smart TV K32CV338H (Black) (2019 Model),Smart Televisions,"₹ 11,499.00",,,https://www.amazon.in/Kevin-inches-Ready-Smart-K32CV338H/dp/B073VN6PRD/ref=sr_1_47?dchild=1&fst=as%3Aoff&qid=1604444512&rnid=1389396031&s=electronics&sr=1-47
52,Samsung 125 cm (50 Inches) Wondertainment Series Ultra HD LED Smart TV UA50TUE60AKXXL (Titan Gray) (2020 model),Smart Televisions,"₹ 46,999.00",,,https://www.amazon.in/Samsung-Inches-Wondertainment-Ultra-UA50TUE60AKXXL/dp/B0872CMY16/ref=sr_1_48?dchild=1&fst=as%3Aoff&qid=1604444512&rnid=1389396031&s=electronics&sr=1-48
53,Shinco 80 cm (32 Inches) HD Ready Smart LED TV with Uniwall (Black) (2019 Model),Smart Televisions,"₹ 10,499.00",,,https://www.amazon.in/Shinco-Inches-Ready-SO328AS-Uniwall/dp/B07TXM1MLH/ref=sr_1_49?dchild=1&fst=as%3Aoff&qid=1604444512&rnid=1389396031&s=electronics&sr=1-49
54,CloudWalker 80 cm (32 inches) HD Ready Smart LED TV Cloud X3 32SHX3 (Black) (2019 Model),Smart Televisions,"₹ 10,990.00",,,https://www.amazon.in/CloudWalker-inches-Ready-Smart-32SHX3/dp/B07SY94B39/ref=sr_1_50?dchild=1&fst=as%3Aoff&qid=1604444512&rnid=1389396031&s=electronics&sr=1-50
55,TCL 108 cm (43 inches) Full HD Certified Android Smart LED TV 43S6500FS (Black) (2020 Model),Smart Televisions,,,,https://www.amazon.in/TCL-inches-Smart-43S6500FS-Black/dp/B07Q29HLB2/ref=sr_1_51?dchild=1&fst=as%3Aoff&qid=1604444512&rnid=1389396031&s=electronics&sr=1-51
56,Hisense 80 cm (32 inches) HD Ready Smart Certified Android LED TV 32A56E (Black) (2020 Model),Smart Televisions,,,,https://www.amazon.in/Hisense-inches-Certified-Android-32A56E/dp/B08BXY3GZ7/ref=sr_1_52?dchild=1&fst=as%3Aoff&qid=1604444512&rnid=1389396031&s=electronics&sr=1-52
57,CloudWalker 165 cm (65 Inches) 4K Ultra HD Smart LED Screen 65SUA7 (Black) with Keyboard & Mouse,Smart Televisions,"₹ 47,490.00",,,https://www.amazon.in/gp/slredirect/picassoRedirect.html/ref=pa_sp_btf_browse_electronics_sr_pg2_1?ie=UTF8&adId=A05047861QNLBEO0J5G8I&url=%2FCloudWalker-Inches-Ultra-Screen-65SUA7%2Fdp%2FB08135V1SS%2Fref%3Dsr_1_53_sspa%3Fdchild%3D1%26fst%3Das%253Aoff%26qid%3D1604444512%26rnid%3D1389396031%26s%3Delectronics%26sr%3D1-53-spons%26psc%3D1&qualifier=1604444522&id=2224435104863147&widgetName=sp_btf_browse
58,TCL 138.78 cm (55 inches)  AI 4K UHD Certified Android Smart LED TV 55P8 (Black) (2019 Model),Smart Televisions,"₹ 34,999.00",,,https://www.amazon.in/gp/slredirect/picassoRedirect.html/ref=pa_sp_atf_browse_electronics_sr_pg3_1?ie=UTF8&adId=A005130611EOM9G22AGU7&url=%2FTCL-138-78-Certified-Android-55P8%2Fdp%2FB07TMRFDP8%2Fref%3Dsr_1_49_sspa%3Fdchild%3D1%26fst%3Das%253Aoff%26qid%3D1604444522%26rnid%3D1389396031%26s%3Delectronics%26sr%3D1-49-spons%26psc%3D1&qualifier=1604444535&id=4146947728222964&widgetName=sp_atf_browse
59,OnePlus Y Series 80 cm (32 inches) HD Ready LED Smart Android TV 32Y1 (Black) (2020 Model),Smart Televisions,"₹ 13,990.00",,,https://www.amazon.in/gp/slredirect/picassoRedirect.html/ref=pa_sp_atf_browse_electronics_sr_pg3_1?ie=UTF8&adId=A08805473Q8ZCGCAGSKOP&url=%2FOnePlus-inches-Ready-Android-32Y1%2Fdp%2FB08B42LWKN%2Fref%3Dsr_1_50_sspa%3Fdchild%3D1%26fst%3Das%253Aoff%26qid%3D1604444522%26rnid%3D1389396031%26s%3Delectronics%26sr%3D1-50-spons%26psc%3D1&qualifier=1604444535&id=4146947728222964&widgetName=sp_atf_browse
60,Sony Bravia 123 cm (49 inches) 4K Ultra HD Certified Android LED TV 49X7500H (Black) (2020 Model),Smart Televisions,"₹ 75,400.00",,,https://www.amazon.in/Sony-Bravia-Certified-Android-49X7500H/dp/B084T934H8/ref=sr_1_51?dchild=1&fst=as%3Aoff&qid=1604444522&rnid=1389396031&s=electronics&sr=1-51
61,TOSHIBA 139 cm (55 inches) Vidaa OS Series 4K Ultra HD Smart LED TV 55U5050 (Black) (2020 Model) | with Dolby Vision and Atmos,Smart Televisions,"₹ 38,999.00",,,https://www.amazon.in/TOSHIBA-inches-Vidaa-55U5050-Vision/dp/B08BXY3DXD/ref=sr_1_52?dchild=1&fst=as%3Aoff&qid=1604444522&rnid=1389396031&s=electronics&sr=1-52
62,Sony Bravia 164 cm (65 inches) 4K Ultra HD Smart Android LED TV 65X7400H (Black) (2020 Model),Smart Televisions,"₹ 1,04,990.00",,,https://www.amazon.in/Sony-Bravia-inches-Android-65X7400H/dp/B08C85QQKV/ref=sr_1_53?dchild=1&fst=as%3Aoff&qid=1604444522&rnid=1389396031&s=electronics&sr=1-53
63,Sanyo 164 cm (65 inches) Kaizen Series 4K Ultra HD Certified Android LED TV XT-65UHD4S (Black) (2020 Model),Smart Televisions,"₹ 57,999.00",,,https://www.amazon.in/Sanyo-inches-Certified-Android-XT-65UHD4S/dp/B08DS89961/ref=sr_1_49?dchild=1&fst=as%3Aoff&qid=1604444522&rnid=1389396031&s=electronics&sr=1-49
64,LG 80 cms (32 Inches) HD Ready LED Smart TV 32LM560BPTC with IPS Display & WebOS (2019 Model),Smart Televisions,"₹ 15,999.00",,,https://www.amazon.in/LG-Inches-Ready-32LM560BPTC-Display/dp/B07TMFQMJC/ref=sr_1_50?dchild=1&fst=as%3Aoff&qid=1604444522&rnid=1389396031&s=electronics&sr=1-50
65,LG 80 cms (32 inches) HD Ready Smart LED TV 32LM636BPTB (Dark Iron Gray) (2019 Model),Smart Televisions,"₹ 18,890.00",,,https://www.amazon.in/LG-inches-Ready-Smart-32LM636BPTB/dp/B07VL2WB4M/ref=sr_1_51?dchild=1&fst=as%3Aoff&qid=1604444522&rnid=1389396031&s=electronics&sr=1-51
66,Sony Bravia 125.7 cm (50 inches) Full HD LED Smart TV KLV-50W672G (Black) (2019 Model),Smart Televisions,"₹ 51,140.00",,,https://www.amazon.in/Sony-Bravia-125-7-inches-KLV-50W672G/dp/B07TVMDNXD/ref=sr_1_52?dchild=1&fst=as%3Aoff&qid=1604444522&rnid=1389396031&s=electronics&sr=1-52
67,Sony Bravia 108 cm (43 inches) Full HD LED Smart TV KLV-43W672G (Black),Smart Televisions,"₹ 40,910.00",,,https://www.amazon.in/Sony-Bravia-inches-KLV-43W672G-Headphones/dp/B07QC6YQ3L/ref=sr_1_53?dchild=1&fst=as%3Aoff&qid=1604444522&rnid=1389396031&s=electronics&sr=1-53
68,Samsung 109 cm (43 inches) 4K Ultra HD Smart LED TV UA43TU7200KBXL (Titan Grey) (2020 Model),Smart Televisions,"₹ 40,999.00",,,https://www.amazon.in/Samsung-inches-Ultra-Smart-UA43TU7200KBXL/dp/B08CF7F1MS/ref=sr_1_54?dchild=1&fst=as%3Aoff&qid=1604444522&rnid=1389396031&s=electronics&sr=1-54
69,LG 108 cms (43 inches) 4K Ultra HD Smart LED TV 43UM7780PTA | With Built-in Alexa (Ceramic Black) (2019 Model),Smart Televisions,"₹ 41,899.00",,,https://www.amazon.in/LG-inches-43UM7780PTA-Built-Ceramic/dp/B07WMC1TSF/ref=sr_1_55?dchild=1&fst=as%3Aoff&qid=1604444522&rnid=1389396031&s=electronics&sr=1-55
70,Samsung 80 cm (32 inches) HD Ready Smart LED TV UA32T4310AKXXL (Glossy Black) (2020 Model),Smart Televisions,"₹ 17,299.00",,,https://www.amazon.in/Samsung-inches-Ready-UA32T4310AKXXL-Glossy/dp/B0856VKZT1/ref=sr_1_56?dchild=1&fst=as%3Aoff&qid=1604444522&rnid=1389396031&s=electronics&sr=1-56
71,Vu 108 cm (43 inches) 4K Ultra HD Cinema Android Smart LED TV 43CA (Black) | With 40W Front Soundbar,Smart Televisions,"₹ 35,490.00",,,https://www.amazon.in/inches-Cinema-Android-43CA-Soundbar/dp/B083P487R2/ref=sr_1_57?dchild=1&fst=as%3Aoff&qid=1604444522&rnid=1389396031&s=electronics&sr=1-57
72,TCL 100 cm (40 inches) Full HD Certified Android Smart LED TV 40S6500FS (Black) (2020 Model),Smart Televisions,"₹ 17,999.00",,,https://www.amazon.in/gp/slredirect/picassoRedirect.html/ref=pa_sp_mtf_browse_electronics_sr_pg3_1?ie=UTF8&adId=A06063853W2LSF5N2YVLK&url=%2FTCL-100-3cm-inches-Android-Smart%2Fdp%2FB07KCCWJTP%2Fref%3Dsr_1_58_sspa%3Fdchild%3D1%26fst%3Das%253Aoff%26qid%3D1604444522%26rnid%3D1389396031%26s%3Delectronics%26sr%3D1-58-spons%26psc%3D1&qualifier=1604444535&id=4146947728222964&widgetName=sp_mtf_browse
73,Hisense 108 cm (43 inches) Full HD Smart Certified Android LED TV 43A56E (Black) (2020 Model),Smart Televisions,"₹ 22,480.00",,,https://www.amazon.in/gp/slredirect/picassoRedirect.html/ref=pa_sp_mtf_browse_electronics_sr_pg3_1?ie=UTF8&adId=A06707762ZSI7DNP45Z4Z&url=%2FHisense-inches-Certified-Android-43A56E%2Fdp%2FB08BXZ5XWX%2Fref%3Dsr_1_59_sspa%3Fdchild%3D1%26fst%3Das%253Aoff%26qid%3D1604444522%26rnid%3D1389396031%26s%3Delectronics%26sr%3D1-59-spons%26psc%3D1&qualifier=1604444535&id=4146947728222964&widgetName=sp_mtf_browse
74,Samsung 109 cm (43 inches) 4K Ultra HD Smart LED TV UA43TU8000KBXL (Black) (2020 Model),Smart Televisions,"₹ 42,490.00",,,https://www.amazon.in/Samsung-inches-Ultra-Smart-UA43TU8000KBXL/dp/B08CF5QT26/ref=sr_1_60?dchild=1&fst=as%3Aoff&qid=1604444522&rnid=1389396031&s=electronics&sr=1-60
75,Sony Bravia 108 cm (43 inches) Full HD Smart LED TV 43W6600 (Black) (2020 Model),Smart Televisions,"₹ 38,940.00",,,https://www.amazon.in/Sony-Bravia-inches-Smart-43W6600/dp/B084T8LVPV/ref=sr_1_61?dchild=1&fst=as%3Aoff&qid=1604444522&rnid=1389396031&s=electronics&sr=1-61
76,Samsung 80 cm (32 inches) HD Ready Smart LED TV UA32T4350AKXXL (Glossy Black) (2020 Model),Smart Televisions,"₹ 17,788.00",,,https://www.amazon.in/Samsung-inches-Ready-UA32T4350AKXXL-Glossy/dp/B0856SSZH3/ref=sr_1_62?dchild=1&fst=as%3Aoff&qid=1604444522&rnid=1389396031&s=electronics&sr=1-62
77,TCL 81.3 cm (32 inches) S6500 Series 32S6500S HD Ready LED Smart TV (Black),Smart Televisions,"₹ 13,990.00",,,https://www.amazon.in/TCL-79-97cm-inches-Ready-Android/dp/B07MD8RJW3/ref=sr_1_63?dchild=1&fst=as%3Aoff&qid=1604444522&rnid=1389396031&s=electronics&sr=1-63
78,Sony Bravia 139 cm (55 inches) 4K Ultra HD Smart Certified Android LED TV 55X9000H (Black) (2020 Model),Smart Televisions,"₹ 1,01,990.00",,,https://www.amazon.in/Sony-Bravia-Certified-Android-55X9000H/dp/B08FTYYFW5/ref=sr_1_64?dchild=1&fst=as%3Aoff&qid=1604444522&rnid=1389396031&s=electronics&sr=1-64
79,Sony Bravia 123 cm (49 Inches) Full HD Certified Android Smart LED TV KDL-49W800G (Black) (2019 Model),Smart Televisions,"₹ 55,791.00",,,https://www.amazon.in/Sony-Bravia-Certified-Android-KDL-49W800G/dp/B07WNHCTBC/ref=sr_1_65?dchild=1&fst=as%3Aoff&qid=1604444522&rnid=1389396031&s=electronics&sr=1-65
80,Samsung The Serif Series 138 cm (55 inches) 4K Ultra HD Smart QLED TV QA55LS01TAKXXL (Cloud White) (2020 Model),Smart Televisions,"₹ 99,900.00",,,https://www.amazon.in/Samsung-Serif-inches-Ultra-QA55LS01TAKXXL/dp/B087FMTY3R/ref=sr_1_66?dchild=1&fst=as%3Aoff&qid=1604444522&rnid=1389396031&s=electronics&sr=1-66
81,Samsung 108 cm (43 inches) Full HD LED Smart TV UA43T5310AKXXL (Glossy Black) (2020 Model),Smart Televisions,"₹ 34,999.00",,,https://www.amazon.in/Samsung-inches-Smart-UA43T5310AKXXL-Glossy/dp/B0856T9D5N/ref=sr_1_67?dchild=1&fst=as%3Aoff&qid=1604444522&rnid=1389396031&s=electronics&sr=1-67
82,TCL 138.7 cm (55 inches) 4K Ultra HD Certified Android Smart QLED TV 55C715 (Metallic Black) (2020 Model) |with Voice Control,Smart Televisions,"₹ 56,999.00",,,https://www.amazon.in/TCL-Certified-Android-55C715-Metallic/dp/B08B24LVPK/ref=sr_1_68?dchild=1&fst=as%3Aoff&qid=1604444522&rnid=1389396031&s=electronics&sr=1-68
83,Sony Bravia 164 cm (65 inches) 4K Ultra HD Certified Android LED TV 65X8000H (Black) (2020 Model),Smart Televisions,"₹ 1,23,490.00",,,https://www.amazon.in/Sony-Bravia-Certified-Android-65X8000H/dp/B084T979K1/ref=sr_1_69?dchild=1&fst=as%3Aoff&qid=1604444522&rnid=1389396031&s=electronics&sr=1-69
84,TCL 163.9 cm (65 inches) 4K Ultra HD Certified Android Smart QLED TV 65C715 (Metallic Black) (2020 Model) | with Voice Control,Smart Televisions,"₹ 78,490.00",,,https://www.amazon.in/TCL-Certified-Android-65C715-Metallic/dp/B08B2499PK/ref=sr_1_70?dchild=1&fst=as%3Aoff&qid=1604444522&rnid=1389396031&s=electronics&sr=1-70
85,Samsung The Serif Series 108 cm (43 inches) 4K Ultra HD Smart QLED TV QA43LS01TAKXXL (Cloud White) (2020 Model),Smart Televisions,"₹ 64,990.00",,,https://www.amazon.in/Samsung-Serif-inches-Ultra-QA43LS01TAKXXL/dp/B086WPNHN6/ref=sr_1_71?dchild=1&fst=as%3Aoff&qid=1604444522&rnid=1389396031&s=electronics&sr=1-71
86,CloudWalker 165 cm (65 Inches) 4K Ultra HD Smart LED Screen 65SUA7 (Black) with Keyboard & Mouse,Smart Televisions,"₹ 47,490.00",,,https://www.amazon.in/gp/slredirect/picassoRedirect.html/ref=pa_sp_btf_browse_electronics_sr_pg3_1?ie=UTF8&adId=A05047861QNLBEO0J5G8I&url=%2FCloudWalker-Inches-Ultra-Screen-65SUA7%2Fdp%2FB08135V1SS%2Fref%3Dsr_1_72_sspa%3Fdchild%3D1%26fst%3Das%253Aoff%26qid%3D1604444522%26rnid%3D1389396031%26s%3Delectronics%26sr%3D1-72-spons%26psc%3D1&qualifier=1604444535&id=4146947728222964&widgetName=sp_btf_browse
87,OnePlus Y Series 80 cm (32 inches) HD Ready LED Smart Android TV 32Y1 (Black) (2020 Model),Smart Televisions,"₹ 13,990.00",,,https://www.amazon.in/gp/slredirect/picassoRedirect.html/ref=pa_sp_atf_browse_electronics_sr_pg4_1?ie=UTF8&adId=A08805473Q8ZCGCAGSKOP&url=%2FOnePlus-inches-Ready-Android-32Y1%2Fdp%2FB08B42LWKN%2Fref%3Dsr_1_73_sspa%3Fdchild%3D1%26fst%3Das%253Aoff%26qid%3D1604444535%26rnid%3D1389396031%26s%3Delectronics%26sr%3D1-73-spons%26psc%3D1&qualifier=1604444540&id=4440553845063597&widgetName=sp_atf_browse
88,TCL 138.78 cm (55 inches)  AI 4K UHD Certified Android Smart LED TV 55P8 (Black) (2019 Model),Smart Televisions,"₹ 34,999.00",,,https://www.amazon.in/gp/slredirect/picassoRedirect.html/ref=pa_sp_atf_browse_electronics_sr_pg4_1?ie=UTF8&adId=A005130611EOM9G22AGU7&url=%2FTCL-138-78-Certified-Android-55P8%2Fdp%2FB07TMRFDP8%2Fref%3Dsr_1_74_sspa%3Fdchild%3D1%26fst%3Das%253Aoff%26qid%3D1604444535%26rnid%3D1389396031%26s%3Delectronics%26sr%3D1-74-spons%26psc%3D1&qualifier=1604444540&id=4440553845063597&widgetName=sp_atf_browse
89,"Croma 80 cm (32 Inches) HD Ready Smart Android Based LED TV (CREL7363, Black) (2020 Model)",Smart Televisions,,,,https://www.amazon.in/Croma-Inches-Ready-Android-CREL7363/dp/B08F9V64V8/ref=sr_1_75?dchild=1&fst=as%3Aoff&qid=1604444535&rnid=1389396031&s=electronics&sr=1-75
90,TCL 164 cm (65 inches)  AI 4K Ultra HD Certified Android Smart LED TV 65P715 (Sliver) (2020 Model),Smart Televisions,"₹ 62,999.00",,,https://www.amazon.in/TCL-inches-Certified-Android-65P715/dp/B08BS92J5P/ref=sr_1_76?dchild=1&fst=as%3Aoff&qid=1604444535&rnid=1389396031&s=electronics&sr=1-76
91,Kevin 124 cm (49 inches) 4K Ultra HD Smart LED TV KN49UHD-PRO (Black) (2019 Model),Smart Televisions,"₹ 27,999.00",,,https://www.amazon.in/Kevin-inches-Smart-KN49UHD-PRO-Black/dp/B07LC7TYVX/ref=sr_1_77?dchild=1&fst=as%3Aoff&qid=1604444535&rnid=1389396031&s=electronics&sr=1-77
