,make,model
0,Mercedes-Benz,2002
1,Mercedes-Benz,i3
2,Mercedes-Benz,i8
3,Mercedes-Benz,iX3
4,Mercedes-Benz,M1
5,Mercedes-Benz,Série 1 (tous)
6,Mercedes-Benz,114
7,Mercedes-Benz,116
8,Mercedes-Benz,118
9,Mercedes-Benz,120
10,Mercedes-Benz,123
11,Mercedes-Benz,125
12,Mercedes-Benz,130
13,Mercedes-Benz,135
14,Mercedes-Benz,140
15,Mercedes-Benz,Série 2 (tous)
16,Mercedes-Benz,214
17,Mercedes-Benz,216
18,Mercedes-Benz,218
19,Mercedes-Benz,220
20,Mercedes-Benz,225
21,Mercedes-Benz,228
22,Mercedes-Benz,230
23,Mercedes-Benz,235
24,Mercedes-Benz,240
25,Mercedes-Benz,Série 3 (tous)
26,Mercedes-Benz,315
27,Mercedes-Benz,316
28,Mercedes-Benz,318
29,Mercedes-Benz,320
30,Mercedes-Benz,323
31,Mercedes-Benz,324
32,Mercedes-Benz,325
33,Mercedes-Benz,328
34,Mercedes-Benz,330
35,Mercedes-Benz,335
36,Mercedes-Benz,340
37,Mercedes-Benz,Active Hybrid 3
38,Mercedes-Benz,Série 4 (tous)
39,Mercedes-Benz,418
40,Mercedes-Benz,420
41,Mercedes-Benz,425
42,Mercedes-Benz,428
43,Mercedes-Benz,430
44,Mercedes-Benz,435
45,Mercedes-Benz,440
46,Mercedes-Benz,Série 5 (tous)
47,Mercedes-Benz,518
48,Mercedes-Benz,520
49,Mercedes-Benz,523
50,Mercedes-Benz,524
51,Mercedes-Benz,525
52,Mercedes-Benz,528
53,Mercedes-Benz,530
54,Mercedes-Benz,535
55,Mercedes-Benz,540
56,Mercedes-Benz,545
57,Mercedes-Benz,550
58,Mercedes-Benz,Active Hybrid 5
59,Mercedes-Benz,Série 6 (tous)
60,Mercedes-Benz,620
61,Mercedes-Benz,628
62,Mercedes-Benz,630
63,Mercedes-Benz,633
64,Mercedes-Benz,635
65,Mercedes-Benz,640
66,Mercedes-Benz,645
67,Mercedes-Benz,650
68,Mercedes-Benz,Série 7 (tous)
69,Mercedes-Benz,725
70,Mercedes-Benz,728
71,Mercedes-Benz,730
72,Mercedes-Benz,732
73,Mercedes-Benz,735
74,Mercedes-Benz,740
75,Mercedes-Benz,745
76,Mercedes-Benz,750
77,Mercedes-Benz,760
78,Mercedes-Benz,Active Hybrid 7
79,Mercedes-Benz,Série 8 (tous)
80,Mercedes-Benz,830
81,Mercedes-Benz,840
82,Mercedes-Benz,850
83,Mercedes-Benz,Série M (tous)
84,Mercedes-Benz,1er M Coupé
85,Mercedes-Benz,M2
86,Mercedes-Benz,M3
87,Mercedes-Benz,M4
88,Mercedes-Benz,M5
89,Mercedes-Benz,M6
90,Mercedes-Benz,M8
91,Mercedes-Benz,M850
92,Mercedes-Benz,Série X (tous)
93,Mercedes-Benz,Active Hybrid X6
94,Mercedes-Benz,X1
95,Mercedes-Benz,X2
96,Mercedes-Benz,X2 M
97,Mercedes-Benz,X3
98,Mercedes-Benz,X3 M
99,Mercedes-Benz,X4
100,Mercedes-Benz,X4 M
101,Mercedes-Benz,X5
102,Mercedes-Benz,X5 M
103,Mercedes-Benz,X6
104,Mercedes-Benz,X6 M
105,Mercedes-Benz,X7
106,Mercedes-Benz,X7 M
107,Mercedes-Benz,Série Z (tous)
108,Mercedes-Benz,Z1
109,Mercedes-Benz,Z3
110,Mercedes-Benz,Z3 M
111,Mercedes-Benz,Z4
112,Mercedes-Benz,Z4 M
113,Mercedes-Benz,Z8
114,Mercedes-Benz,Autres
115,BMW,170
116,BMW,180
117,BMW,190
118,BMW,200
119,BMW,208
120,BMW,210/310
121,BMW,220
122,BMW,230
123,BMW,240
124,BMW,250
125,BMW,260
126,BMW,270
127,BMW,280
128,BMW,300
129,BMW,308
130,BMW,320
131,BMW,350
132,BMW,380
133,BMW,400
134,BMW,416
135,BMW,420
136,BMW,450
137,BMW,500
138,BMW,560
139,BMW,600
140,BMW,Actros
141,BMW,AMG GT
142,BMW,Atego
143,BMW,CE (tous)
144,BMW,CE 200
145,BMW,CE 220
146,BMW,CE 230
147,BMW,CE 280
148,BMW,CE 300
149,BMW,Citan
150,BMW,CL (tous)
151,BMW,CL
152,BMW,CL 160
153,BMW,CL 180
154,BMW,CL 200
155,BMW,CL 220
156,BMW,CL 230
157,BMW,CL 320
158,BMW,CL 420
159,BMW,CL 500
160,BMW,CL 55 AMG
161,BMW,CL 600
162,BMW,CL 63 AMG
163,BMW,CL 65 AMG
164,BMW,CLA (tous)
165,BMW,CLA 180
166,BMW,CLA 200
167,BMW,CLA 220
168,BMW,CLA 250
169,BMW,CLA 35 AMG
170,BMW,CLA 45 AMG
171,BMW,Classe A (tous)
172,BMW,A 140
173,BMW,A 150
174,BMW,A 160
175,BMW,A 170
176,BMW,A 180
177,BMW,A 190
178,BMW,A 200
179,BMW,A 210
180,BMW,A 220
181,BMW,A 250
182,BMW,A 35 AMG
183,BMW,A 45 AMG
184,BMW,Classe B (tous)
185,BMW,B 150
186,BMW,B 160
187,BMW,B 170
188,BMW,B 180
189,BMW,B 200
190,BMW,B 220
191,BMW,B 250
192,BMW,B Electric Drive
193,BMW,Classe C (tous)
194,BMW,C 160
195,BMW,C 180
196,BMW,C 200
197,BMW,C 220
198,BMW,C 230
199,BMW,C 240
200,BMW,C 250
201,BMW,C 270
202,BMW,C 280
203,BMW,C 30 AMG
204,BMW,C 300
205,BMW,C 32 AMG
206,BMW,C 320
207,BMW,C 350
208,BMW,C 36 AMG
209,BMW,C 400
210,BMW,C 43 AMG
211,BMW,C 450
212,BMW,C 55 AMG
213,BMW,C 63 AMG
214,BMW,Classe E (tous)
215,BMW,E 200
216,BMW,E 220
217,BMW,E 230
218,BMW,E 240
219,BMW,E 250
220,BMW,E 260
221,BMW,E 270
222,BMW,E 280
223,BMW,E 290
224,BMW,E 300
225,BMW,E 320
226,BMW,E 350
227,BMW,E 36 AMG
228,BMW,E 400
229,BMW,E 420
230,BMW,E 43 AMG
231,BMW,E 430
232,BMW,E 450
233,BMW,E 50 AMG
234,BMW,E 500
235,BMW,E 53 AMG
236,BMW,E 55 AMG
237,BMW,E 550
238,BMW,E 60 AMG
239,BMW,E 63 AMG
240,BMW,Classe EQ (tous)
241,BMW,EQC 400
242,BMW,EQV 300
243,BMW,Classe G (tous)
244,BMW,G
245,BMW,G 230
246,BMW,G 240
247,BMW,G 250
248,BMW,G 270
249,BMW,G 280
250,BMW,G 290
251,BMW,G 300
252,BMW,G 320
253,BMW,G 350
254,BMW,G 400
255,BMW,G 500
256,BMW,G 55 AMG
257,BMW,G 63 AMG
258,BMW,G 65 AMG
259,BMW,G 650
260,BMW,Classe M (tous)
261,BMW,ML 230
262,BMW,ML 250
263,BMW,ML 270
264,BMW,ML 280
265,BMW,ML 300
266,BMW,ML 320
267,BMW,ML 350
268,BMW,ML 400
269,BMW,ML 420
270,BMW,ML 430
271,BMW,ML 450
272,BMW,ML 500
273,BMW,ML 55 AMG
274,BMW,ML 63 AMG
275,BMW,Classe R (tous)
276,BMW,R 280
277,BMW,R 300
278,BMW,R 320
279,BMW,R 350
280,BMW,R 500
281,BMW,R 63 AMG
282,BMW,Classe S (tous)
283,BMW,S 250
284,BMW,S 260
285,BMW,S 280
286,BMW,S 300
287,BMW,S 320
288,BMW,S 350
289,BMW,S 400
290,BMW,S 420
291,BMW,S 430
292,BMW,S 450
293,BMW,S 500
294,BMW,S 55 AMG
295,BMW,S 550
296,BMW,S 560
297,BMW,S 600
298,BMW,S 63 AMG
299,BMW,S 65 AMG
300,BMW,S 650
301,BMW,Classe V (tous)
302,BMW,V
303,BMW,V 200
304,BMW,V 220
305,BMW,V 230
306,BMW,V 250
307,BMW,V 280
308,BMW,V 300
309,BMW,Classe X (tous)
310,BMW,X 220
311,BMW,X 250
312,BMW,X 350
313,BMW,CLC
314,BMW,CLK (tous)
315,BMW,CLK
316,BMW,CLK 200
317,BMW,CLK 220
318,BMW,CLK 230
319,BMW,CLK 240
320,BMW,CLK 270
321,BMW,CLK 280
322,BMW,CLK 320
323,BMW,CLK 350
324,BMW,CLK 430
325,BMW,CLK 500
326,BMW,CLK 55 AMG
327,BMW,CLK 63 AMG
328,BMW,CLS (tous)
329,BMW,CLS
330,BMW,CLS 220
331,BMW,CLS 250
332,BMW,CLS 280
333,BMW,CLS 300
334,BMW,CLS 320
335,BMW,CLS 350
336,BMW,CLS 400
337,BMW,CLS 450
338,BMW,CLS 500
339,BMW,CLS 53 AMG
340,BMW,CLS 55 AMG
341,BMW,CLS 63 AMG
342,BMW,GL (tous)
343,BMW,GL 320
344,BMW,GL 350
345,BMW,GL 400
346,BMW,GL 420
347,BMW,GL 450
348,BMW,GL 500
349,BMW,GL 55 AMG
350,BMW,GL 63 AMG
351,BMW,GLA (tous)
352,BMW,GLA 180
353,BMW,GLA 200
354,BMW,GLA 220
355,BMW,GLA 250
356,BMW,GLA 35 AMG
357,BMW,GLA 45 AMG
358,BMW,GLB (tous)
359,BMW,GLB 180
360,BMW,GLB 200
361,BMW,GLB 220
362,BMW,GLB 250
363,BMW,GLB 35 AMG
364,BMW,GLC (tous)
365,BMW,GLC 200
366,BMW,GLC 220
367,BMW,GLC 250
368,BMW,GLC 300
369,BMW,GLC 350
370,BMW,GLC 400
371,BMW,GLC 43 AMG
372,BMW,GLC 63 AMG
373,BMW,GLE (tous)
374,BMW,GLE 250
375,BMW,GLE 300
376,BMW,GLE 350
377,BMW,GLE 400
378,BMW,GLE 43 AMG
379,BMW,GLE 450
380,BMW,GLE 500
381,BMW,GLE 53 AMG
382,BMW,GLE 580
383,BMW,GLE 63 AMG
384,BMW,GLK (tous)
385,BMW,GLK 200
386,BMW,GLK 220
387,BMW,GLK 250
388,BMW,GLK 280
389,BMW,GLK 300
390,BMW,GLK 320
391,BMW,GLK 350
392,BMW,GLS (tous)
393,BMW,GLS 350
394,BMW,GLS 400
395,BMW,GLS 450
396,BMW,GLS 500
397,BMW,GLS 580
398,BMW,GLS 600
399,BMW,GLS 63 AMG
400,BMW,Marco Polo
401,BMW,MB 100
402,BMW,SL (tous)
403,BMW,SL 230
404,BMW,SL 250
405,BMW,SL 280
406,BMW,SL 300
407,BMW,SL 320
408,BMW,SL 350
409,BMW,SL 380
410,BMW,SL 400
411,BMW,SL 420
412,BMW,SL 450
413,BMW,SL 500
414,BMW,SL 55 AMG
415,BMW,SL 560
416,BMW,SL 60 AMG
417,BMW,SL 600
418,BMW,SL 63 AMG
419,BMW,SL 65 AMG
420,BMW,SL 70 AMG
421,BMW,SL 73 AMG
422,BMW,SLC (tous)
423,BMW,SLC 180
424,BMW,SLC 200
425,BMW,SLC 250
426,BMW,SLC 280
427,BMW,SLC 300
428,BMW,SLC 350
429,BMW,SLC 380
430,BMW,SLC 43 AMG
431,BMW,SLC 450
432,BMW,SLC 500
433,BMW,SLK (tous)
434,BMW,SLK
435,BMW,SLK 200
436,BMW,SLK 230
437,BMW,SLK 250
438,BMW,SLK 280
439,BMW,SLK 300
440,BMW,SLK 32 AMG
441,BMW,SLK 320
442,BMW,SLK 350
443,BMW,SLK 55 AMG
444,BMW,SLR
445,BMW,SLS
446,BMW,Sprinter
447,BMW,T1
448,BMW,T2
449,BMW,Vaneo
450,BMW,Vario
451,BMW,Viano
452,BMW,Vito
453,BMW,Autres
454,Audi,100
455,Audi,200
456,Audi,50
457,Audi,80
458,Audi,90
459,Audi,A1
460,Audi,A2
461,Audi,A3
462,Audi,A4
463,Audi,A4 allroad
464,Audi,A5
465,Audi,A6
466,Audi,A6 allroad
467,Audi,A7
468,Audi,A8
469,Audi,Allroad
470,Audi,Cabriolet
471,Audi,Coupe
472,Audi,e-tron
473,Audi,Q1
474,Audi,Q2
475,Audi,Q3
476,Audi,Q5
477,Audi,Q7
478,Audi,Q8
479,Audi,QUATTRO
480,Audi,R8
481,Audi,RS
482,Audi,RS Q3
483,Audi,RS Q5
484,Audi,RS Q8
485,Audi,RS2
486,Audi,RS3
487,Audi,RS4
488,Audi,RS5
489,Audi,RS6
490,Audi,RS7
491,Audi,S1
492,Audi,S2
493,Audi,S3
494,Audi,S4
495,Audi,S5
496,Audi,S6
497,Audi,S7
498,Audi,S8
499,Audi,SQ2
500,Audi,SQ3
501,Audi,SQ5
502,Audi,SQ7
503,Audi,SQ8
504,Audi,TT
505,Audi,TT RS
506,Audi,TTS
507,Audi,V8
508,Audi,Autres
509,Volkswagen,181
510,Volkswagen,Amarok
511,Volkswagen,Anfibio
512,Volkswagen,Arteon
513,Volkswagen,Atlas
514,Volkswagen,Beetle
515,Volkswagen,Bora
516,Volkswagen,Buggy
517,Volkswagen,Bus
518,Volkswagen,Caddy
519,Volkswagen,CC
520,Volkswagen,Coccinelle
521,Volkswagen,Corrado
522,Volkswagen,Crafter
523,Volkswagen,Cross Touran
524,Volkswagen,Derby
525,Volkswagen,Eos
526,Volkswagen,Escarabajo
527,Volkswagen,Fox
528,Volkswagen,Golf (tous)
529,Volkswagen,Cross Golf
530,Volkswagen,Golf
531,Volkswagen,Golf Cabriolet
532,Volkswagen,Golf GTI
533,Volkswagen,Golf Plus
534,Volkswagen,Golf Sportsvan
535,Volkswagen,Golf Variant
536,Volkswagen,Grand California
537,Volkswagen,ID.3
538,Volkswagen,Iltis
539,Volkswagen,Jetta
540,Volkswagen,Käfer
541,Volkswagen,Karmann Ghia
542,Volkswagen,Kever
543,Volkswagen,L80
544,Volkswagen,LT
545,Volkswagen,Lupo
546,Volkswagen,Maggiolino
547,Volkswagen,New Beetle
548,Volkswagen,Passat (tous)
549,Volkswagen,Passat
550,Volkswagen,Passat Alltrack
551,Volkswagen,Passat CC
552,Volkswagen,Passat Variant
553,Volkswagen,Phaeton
554,Volkswagen,Pointer
555,Volkswagen,Polo (tous)
556,Volkswagen,Polo
557,Volkswagen,Polo Cross
558,Volkswagen,Polo GTI
559,Volkswagen,Polo Plus
560,Volkswagen,Polo R WRC
561,Volkswagen,Polo Sedan
562,Volkswagen,Polo Variant
563,Volkswagen,Routan
564,Volkswagen,Santana
565,Volkswagen,Scirocco
566,Volkswagen,Sharan
567,Volkswagen,T-Cross
568,Volkswagen,T-Roc
569,Volkswagen,T1
570,Volkswagen,T2
571,Volkswagen,T3 (tous)
572,Volkswagen,T3
573,Volkswagen,T3 Blue Star
574,Volkswagen,T3 California
575,Volkswagen,T3 Caravelle
576,Volkswagen,T3 Kombi
577,Volkswagen,T3 Multivan
578,Volkswagen,T3 White Star
579,Volkswagen,T4 (tous)
580,Volkswagen,T4
581,Volkswagen,T4 Allstar
582,Volkswagen,T4 California
583,Volkswagen,T4 Caravelle
584,Volkswagen,T4 Kombi
585,Volkswagen,T4 Multivan
586,Volkswagen,T5 (tous)
587,Volkswagen,T5
588,Volkswagen,T5 California
589,Volkswagen,T5 Caravelle
590,Volkswagen,T5 Kombi
591,Volkswagen,T5 Multivan
592,Volkswagen,T5 Shuttle
593,Volkswagen,T5 Transporter
594,Volkswagen,T6 (tous)
595,Volkswagen,T6 California
596,Volkswagen,T6 Caravelle
597,Volkswagen,T6 Kombi
598,Volkswagen,T6 Multivan
599,Volkswagen,T6 Transporter
600,Volkswagen,Taro
601,Volkswagen,Tiguan
602,Volkswagen,Touareg
603,Volkswagen,Touran
604,Volkswagen,Transporter
605,Volkswagen,up!
606,Volkswagen,Vento
607,Volkswagen,XL1
608,Volkswagen,Autres
609,Peugeot,1007
610,Peugeot,104
611,Peugeot,106
612,Peugeot,107
613,Peugeot,108
614,Peugeot,2008
615,Peugeot,204
616,Peugeot,205
617,Peugeot,206
618,Peugeot,207
619,Peugeot,208
620,Peugeot,3008
621,Peugeot,301
622,Peugeot,304
623,Peugeot,305
624,Peugeot,306
625,Peugeot,307
626,Peugeot,308
627,Peugeot,309
628,Peugeot,4007
629,Peugeot,4008
630,Peugeot,404
631,Peugeot,405
632,Peugeot,406
633,Peugeot,407
634,Peugeot,5008
635,Peugeot,504
636,Peugeot,505
637,Peugeot,508
638,Peugeot,604
639,Peugeot,605
640,Peugeot,607
641,Peugeot,806
642,Peugeot,807
643,Peugeot,Bipper
644,Peugeot,Boxer
645,Peugeot,Camper
646,Peugeot,Expert
647,Peugeot,iOn
648,Peugeot,J5
649,Peugeot,J9
650,Peugeot,Partner
651,Peugeot,Ranch
652,Peugeot,RCZ
653,Peugeot,Rifter
654,Peugeot,Traveller
655,Peugeot,Autres
656,Renault,Alaskan
657,Renault,Alpine A110
658,Renault,Alpine A310
659,Renault,Alpine A610
660,Renault,Alpine V6
661,Renault,Avantime
662,Renault,Captur
663,Renault,Clio
664,Renault,Coupe
665,Renault,Duster
666,Renault,Espace
667,Renault,Express
668,Renault,Fluence
669,Renault,Fluence Z.E.
670,Renault,Fuego
671,Renault,Grand Espace
672,Renault,Grand Modus
673,Renault,Grand Scenic
674,Renault,Kadjar
675,Renault,Kangoo
676,Renault,Kangoo Z.E.
677,Renault,Koleos
678,Renault,Laguna
679,Renault,Latitude
680,Renault,Logan
681,Renault,Mascott
682,Renault,Master
683,Renault,Megane
684,Renault,Messenger
685,Renault,Modus
686,Renault,P 1400
687,Renault,R 11
688,Renault,R 14
689,Renault,R 18
690,Renault,R 19
691,Renault,R 20
692,Renault,R 21
693,Renault,R 25
694,Renault,R 30
695,Renault,R 4
696,Renault,R 5
697,Renault,R 6
698,Renault,R 9
699,Renault,Rapid
700,Renault,Safrane
701,Renault,Sandero
702,Renault,Sandero Stepway
703,Renault,Scenic
704,Renault,Spider
705,Renault,Super 5
706,Renault,Symbol
707,Renault,Talisman
708,Renault,Trafic
709,Renault,Twingo
710,Renault,Twizy
711,Renault,Vel Satis
712,Renault,Wind
713,Renault,ZOE
714,Renault,Autres
715,Citroen,2CV
716,Citroen,Acadiane
717,Citroen,Ami
718,Citroen,AX
719,Citroen,Axel
720,Citroen,Berlingo
721,Citroen,BX
722,Citroen,C-Crosser
723,Citroen,C-Elysée
724,Citroen,C-Zero
725,Citroen,C1
726,Citroen,C15
727,Citroen,C2
728,Citroen,C25
729,Citroen,C3 (tous)
730,Citroen,C3
731,Citroen,C3 Aircross
732,Citroen,C3 Picasso
733,Citroen,C35
734,Citroen,C4 (tous)
735,Citroen,C4
736,Citroen,C4 Aircross
737,Citroen,C4 Cactus
738,Citroen,C4 Picasso
739,Citroen,C4 SpaceTourer
740,Citroen,Grand C4 Picasso
741,Citroen,Grand C4 SpaceTourer
742,Citroen,C5 (tous)
743,Citroen,C5
744,Citroen,C5 Aircross
745,Citroen,C6
746,Citroen,C8
747,Citroen,CX
748,Citroen,DS
749,Citroen,DS3
750,Citroen,DS4
751,Citroen,DS5
752,Citroen,Dyane
753,Citroen,E-Méhari
754,Citroen,Evasion
755,Citroen,GSA
756,Citroen,Jumper
757,Citroen,Jumpy
758,Citroen,LNA
759,Citroen,Méhari
760,Citroen,Nemo
761,Citroen,SAXO
762,Citroen,SM
763,Citroen,Spacetourer
764,Citroen,Traction
765,Citroen,Visa
766,Citroen,Xantia
767,Citroen,XM
768,Citroen,Xsara
769,Citroen,Xsara Picasso
770,Citroen,ZX
771,Citroen,Autres
772,AUTRES MARQUES,145
773,AUTRES MARQUES,146
774,AUTRES MARQUES,147
775,AUTRES MARQUES,155
776,AUTRES MARQUES,156
777,AUTRES MARQUES,159
778,AUTRES MARQUES,164
779,AUTRES MARQUES,166
780,AUTRES MARQUES,1750
781,AUTRES MARQUES,2000
782,AUTRES MARQUES,33
783,AUTRES MARQUES,4C
784,AUTRES MARQUES,75
785,AUTRES MARQUES,8C
786,AUTRES MARQUES,90
787,AUTRES MARQUES,Alfa 6
788,AUTRES MARQUES,Alfasud
789,AUTRES MARQUES,Alfetta
790,AUTRES MARQUES,Brera
791,AUTRES MARQUES,Crosswagon
792,AUTRES MARQUES,Giulia
793,AUTRES MARQUES,Giulietta
794,AUTRES MARQUES,GT
795,AUTRES MARQUES,GTV
796,AUTRES MARQUES,MiTo
797,AUTRES MARQUES,Montreal
798,AUTRES MARQUES,Quadrifoglio
799,AUTRES MARQUES,RZ
800,AUTRES MARQUES,Spider
801,AUTRES MARQUES,Sportwagon
802,AUTRES MARQUES,Sprint
803,AUTRES MARQUES,Stelvio
804,AUTRES MARQUES,SZ
805,AUTRES MARQUES,Tonale
806,AUTRES MARQUES,Autres
807,9ff,2500
808,9ff,Alero
809,9ff,Astro
810,9ff,Avalanche
811,9ff,Aveo
812,9ff,Bel Air
813,9ff,Beretta
814,9ff,Blazer
815,9ff,Bolt
816,9ff,C1500
817,9ff,Camaro
818,9ff,Caprice
819,9ff,Captiva
820,9ff,Cavalier
821,9ff,Celebrity
822,9ff,Chevelle
823,9ff,Chevy Van
824,9ff,Citation
825,9ff,Colorado
826,9ff,Corsica
827,9ff,Corvette
828,9ff,Crew cab
829,9ff,Cruze
830,9ff,Dixie van
831,9ff,El Camino
832,9ff,Epica
833,9ff,Equinox
834,9ff,Evanda
835,9ff,Express
836,9ff,G
837,9ff,HHR
838,9ff,Impala
839,9ff,K1500
840,9ff,K30
841,9ff,Kalos
842,9ff,Lacetti
843,9ff,Lanos
844,9ff,Lumina
845,9ff,Malibu
846,9ff,Matiz
847,9ff,Monte Carlo
848,9ff,Niva
849,9ff,Nubira
850,9ff,Orlando
851,9ff,Rezzo
852,9ff,S-10
853,9ff,Silverado
854,9ff,Spark
855,9ff,SSR
856,9ff,Suburban
857,9ff,Tacuma
858,9ff,Tahoe
859,9ff,Tracker
860,9ff,Trailblazer
861,9ff,Trans Sport
862,9ff,Traverse
863,9ff,Trax
864,9ff,Uplander
865,9ff,Viva
866,9ff,Volt
867,9ff,Autres
868,Abarth,124 Coupè
869,Abarth,124 Spider
870,Abarth,126
871,Abarth,127
872,Abarth,128
873,Abarth,130
874,Abarth,131
875,Abarth,132
876,Abarth,133
877,Abarth,242
878,Abarth,500
879,Abarth,500 Abarth
880,Abarth,500C
881,Abarth,500C Abarth
882,Abarth,500e
883,Abarth,500L
884,Abarth,500X
885,Abarth,595 Abarth
886,Abarth,600
887,Abarth,850
888,Abarth,900
889,Abarth,Albea
890,Abarth,Argenta
891,Abarth,Barchetta
892,Abarth,Brava
893,Abarth,Bravo
894,Abarth,Campagnola
895,Abarth,Cinquecento
896,Abarth,Coupe
897,Abarth,Croma
898,Abarth,Dino
899,Abarth,Doblo
900,Abarth,Ducato
901,Abarth,Duna
902,Abarth,Fiorino
903,Abarth,Freemont
904,Abarth,Fullback
905,Abarth,Grande Punto
906,Abarth,Idea
907,Abarth,Linea
908,Abarth,Marea
909,Abarth,Marengo
910,Abarth,Maxi
911,Abarth,Multipla
912,Abarth,New Panda
913,Abarth,Palio
914,Abarth,Panda
915,Abarth,Penny
916,Abarth,Pininfarina
917,Abarth,Punto
918,Abarth,Punto Evo
919,Abarth,Qubo
920,Abarth,Regata
921,Abarth,Ritmo
922,Abarth,Scudo
923,Abarth,Sedici
924,Abarth,Seicento
925,Abarth,Spider Europa
926,Abarth,Stilo
927,Abarth,Strada
928,Abarth,Talento
929,Abarth,Tempra
930,Abarth,Tipo
931,Abarth,Ulysse
932,Abarth,Uno
933,Abarth,X 1/9
934,Abarth,Autres
935,AC,Aerostar
936,AC,B-Max
937,AC,Bronco
938,AC,C-Max
939,AC,Capri
940,AC,Connect Elekto
941,AC,Consul
942,AC,Cougar
943,AC,Courier
944,AC,Crown
945,AC,Econoline
946,AC,Econovan
947,AC,EcoSport
948,AC,Edge
949,AC,Escape
950,AC,Escort
951,AC,Excursion
952,AC,Expedition
953,AC,Explorer
954,AC,Express
955,AC,F 1
956,AC,F 100
957,AC,F 150
958,AC,F 250
959,AC,F 350
960,AC,F 360
961,AC,F 450
962,AC,F 550
963,AC,F 650
964,AC,F Super Duty
965,AC,Fairlane
966,AC,Falcon
967,AC,Fiesta
968,AC,Flex
969,AC,Focus
970,AC,Focus C-Max
971,AC,Focus CC
972,AC,Freestar
973,AC,Freestyle
974,AC,Fusion
975,AC,Galaxy
976,AC,Gran Torino
977,AC,Granada
978,AC,Grand C-Max
979,AC,GT
980,AC,Ka/Ka+
981,AC,Kuga
982,AC,M
983,AC,Maverick
984,AC,Mercury
985,AC,Mondeo
986,AC,Mustang
987,AC,Orion
988,AC,Probe
989,AC,Puma
990,AC,Ranger
991,AC,RS 200
992,AC,S-Max
993,AC,Scorpio
994,AC,Sierra
995,AC,Sportka
996,AC,Streetka
997,AC,Taunus
998,AC,Taurus
999,AC,Thunderbird
1000,AC,Torino
1001,AC,Tourneo (tous)
1002,AC,Tourneo
1003,AC,Tourneo Connect
1004,AC,Tourneo Courier
1005,AC,Tourneo Custom
1006,AC,Transit (tous)
1007,AC,Transit
1008,AC,Transit Bus
1009,AC,Transit Connect
1010,AC,Transit Courier
1011,AC,Transit Custom
1012,AC,Windstar
1013,AC,Autres
1014,ACM,Accord
1015,ACM,Ascot
1016,ACM,Avancier
1017,ACM,Beat
1018,ACM,Capa
1019,ACM,City
1020,ACM,Civic
1021,ACM,Clarity
1022,ACM,Concerto
1023,ACM,CR-V
1024,ACM,CR-Z
1025,ACM,Crosstour
1026,ACM,CRX
1027,ACM,e
1028,ACM,Element
1029,ACM,Fit
1030,ACM,FR-V
1031,ACM,HR-V
1032,ACM,Insight
1033,ACM,Inspire
1034,ACM,Integra
1035,ACM,Jazz
1036,ACM,Legend
1037,ACM,Life
1038,ACM,Logo
1039,ACM,Mobilio
1040,ACM,NSX
1041,ACM,Odyssey
1042,ACM,Orthia
1043,ACM,Partner
1044,ACM,Pilot
1045,ACM,Prelude
1046,ACM,Quintet
1047,ACM,Ridgeline
1048,ACM,S 2000
1049,ACM,Saber
1050,ACM,Sabre
1051,ACM,Shuttle
1052,ACM,Sm-x
1053,ACM,Stepwgn
1054,ACM,Stream
1055,ACM,Torneo
1056,ACM,Autres
1057,Acura,Accent
1058,Acura,Atos
1059,Acura,Avante
1060,Acura,Azera
1061,Acura,Coupe
1062,Acura,Creta
1063,Acura,Elantra
1064,Acura,Equus
1065,Acura,Excel
1066,Acura,Galloper
1067,Acura,Genesis
1068,Acura,Genesis Coupe
1069,Acura,Getz
1070,Acura,Grace
1071,Acura,Grand Santa Fe
1072,Acura,Grandeur
1073,Acura,H 100
1074,Acura,H 200
1075,Acura,H 300
1076,Acura,H 350
1077,Acura,H-1
1078,Acura,Highway
1079,Acura,i10
1080,Acura,i20
1081,Acura,i30
1082,Acura,i40
1083,Acura,i50
1084,Acura,i800
1085,Acura,Ioniq
1086,Acura,iX20
1087,Acura,iX35
1088,Acura,iX55
1089,Acura,Kona
1090,Acura,Lantra
1091,Acura,Matrix
1092,Acura,Nexo
1093,Acura,NF
1094,Acura,Pony
1095,Acura,Porter
1096,Acura,S-Coupe
1097,Acura,Santa Fe
1098,Acura,Santamo
1099,Acura,Satellite
1100,Acura,Solaris
1101,Acura,Sonata
1102,Acura,Sonica
1103,Acura,Starex
1104,Acura,Stellar
1105,Acura,Terracan
1106,Acura,Tiburon
1107,Acura,Trajet
1108,Acura,Tucson
1109,Acura,Veloster
1110,Acura,Veracruz
1111,Acura,Verna
1112,Acura,XG 250
1113,Acura,XG 30
1114,Acura,XG 350
1115,Acura,Autres
1116,Aixam,Axiom
1117,Aixam,Bighorn
1118,Aixam,Campo
1119,Aixam,D-Max
1120,Aixam,DLX
1121,Aixam,Gemini
1122,Aixam,Midi
1123,Aixam,NKR
1124,Aixam,NNR
1125,Aixam,NPR
1126,Aixam,PICK UP
1127,Aixam,Rodeo
1128,Aixam,Trooper
1129,Aixam,WFR
1130,Aixam,Autres
1131,Alfa Romeo,Campagnola
1132,Alfa Romeo,Daily
1133,Alfa Romeo,Massif
1134,Alfa Romeo,Autres
1135,Alpina,Alturas G4
1136,Alpina,Bolero
1137,Alpina,CJ
1138,Alpina,Genio
1139,Alpina,Goa
1140,Alpina,Jeep
1141,Alpina,KUV100
1142,Alpina,Marazzo
1143,Alpina,NuvoSport
1144,Alpina,Quanto
1145,Alpina,Reva
1146,Alpina,Scorpio
1147,Alpina,Thar
1148,Alpina,TUV300
1149,Alpina,Verito
1150,Alpina,XUV300
1151,Alpina,XUV500
1152,Alpina,Xylo
1153,Alpina,Autres
1154,Alpine,121
1155,Alpine,2
1156,Alpine,3
1157,Alpine,323
1158,Alpine,5
1159,Alpine,6
1160,Alpine,626
1161,Alpine,929
1162,Alpine,Atenza
1163,Alpine,Axela
1164,Alpine,B Series
1165,Alpine,Bongo
1166,Alpine,BT-50
1167,Alpine,Capella
1168,Alpine,CX-3
1169,Alpine,CX-30
1170,Alpine,CX-5
1171,Alpine,CX-7
1172,Alpine,CX-9
1173,Alpine,Demio
1174,Alpine,E Series
1175,Alpine,Familia
1176,Alpine,Millenia
1177,Alpine,MPV
1178,Alpine,MX-3
1179,Alpine,MX-30
1180,Alpine,MX-5
1181,Alpine,MX-6
1182,Alpine,Pick Up
1183,Alpine,Premacy
1184,Alpine,Protege
1185,Alpine,RX-7
1186,Alpine,RX-8
1187,Alpine,RX-9
1188,Alpine,Tribute
1189,Alpine,Xedos
1190,Alpine,Autres
1191,Amphicar,1000
1192,Amphicar,1300
1193,Amphicar,3/5 Portes
1194,Amphicar,Cooper
1195,Amphicar,Cooper D
1196,Amphicar,Cooper S
1197,Amphicar,Cooper SD
1198,Amphicar,Cooper SE
1199,Amphicar,John Cooper Works
1200,Amphicar,One
1201,Amphicar,One D
1202,Amphicar,Clubvan
1203,Amphicar,Gamme Cabrio (tous)
1204,Amphicar,Cooper Cabrio
1205,Amphicar,Cooper D Cabrio
1206,Amphicar,Cooper S Cabrio
1207,Amphicar,Cooper SD Cabrio
1208,Amphicar,John Cooper Works Cabrio
1209,Amphicar,One Cabrio
1210,Amphicar,Gamme Clubman (tous)
1211,Amphicar,Cooper Clubman
1212,Amphicar,Cooper D Clubman
1213,Amphicar,Cooper S Clubman
1214,Amphicar,Cooper SD Clubman
1215,Amphicar,John Cooper Works Clubman
1216,Amphicar,One Clubman
1217,Amphicar,One D Clubman
1218,Amphicar,Gamme Countryman (tous)
1219,Amphicar,Cooper Countryman
1220,Amphicar,Cooper D Countryman
1221,Amphicar,Cooper S Countryman
1222,Amphicar,Cooper SD Countryman
1223,Amphicar,Cooper SE Countryman
1224,Amphicar,John Cooper Works Countryman
1225,Amphicar,One Countryman
1226,Amphicar,One D Countryman
1227,Amphicar,Gamme Coupe (tous)
1228,Amphicar,Cooper Coupe
1229,Amphicar,Cooper D Coupe
1230,Amphicar,Cooper S Coupe
1231,Amphicar,Cooper SD Coupe
1232,Amphicar,John Cooper Works Coupe
1233,Amphicar,Gamme Paceman (tous)
1234,Amphicar,Cooper D Paceman
1235,Amphicar,Cooper Paceman
1236,Amphicar,Cooper S Paceman
1237,Amphicar,Cooper SD Paceman
1238,Amphicar,John Cooper Works Paceman
1239,Amphicar,Gamme Roadster (tous)
1240,Amphicar,Cooper Roadster
1241,Amphicar,Cooper S Roadster
1242,Amphicar,Cooper SD Roadster
1243,Amphicar,John Cooper Works Roadster
1244,Amphicar,Autres
1245,Ariel Motor,3000 GT
1246,Ariel Motor,400
1247,Ariel Motor,Airtrek
1248,Ariel Motor,ASX
1249,Ariel Motor,Attrage
1250,Ariel Motor,Canter
1251,Ariel Motor,Carisma
1252,Ariel Motor,Chariot
1253,Ariel Motor,Colt
1254,Ariel Motor,Cordia
1255,Ariel Motor,Cosmos
1256,Ariel Motor,Delica
1257,Ariel Motor,Diamante
1258,Ariel Motor,DINGO
1259,Ariel Motor,Dion
1260,Ariel Motor,Eclipse
1261,Ariel Motor,Eclipse Cross
1262,Ariel Motor,FTO
1263,Ariel Motor,Galant
1264,Ariel Motor,Galloper
1265,Ariel Motor,Grandis
1266,Ariel Motor,I-MiEV
1267,Ariel Motor,L200
1268,Ariel Motor,L300
1269,Ariel Motor,L400
1270,Ariel Motor,Lancer
1271,Ariel Motor,Legnum
1272,Ariel Motor,Libero
1273,Ariel Motor,Mirage
1274,Ariel Motor,Montero
1275,Ariel Motor,Outlander
1276,Ariel Motor,Pajero
1277,Ariel Motor,Pajero Pinin
1278,Ariel Motor,Pajero Sport
1279,Ariel Motor,PICK UP
1280,Ariel Motor,RVR
1281,Ariel Motor,Santamo
1282,Ariel Motor,Sapporo
1283,Ariel Motor,Shogun
1284,Ariel Motor,Sigma
1285,Ariel Motor,Space Gear
1286,Ariel Motor,Space Runner
1287,Ariel Motor,Space Star
1288,Ariel Motor,Space Wagon
1289,Ariel Motor,Starion
1290,Ariel Motor,Tredia
1291,Ariel Motor,Autres
1292,Artega,100 NX
1293,Artega,200 SX
1294,Artega,280 ZX
1295,Artega,300 ZX
1296,Artega,350Z
1297,Artega,370Z
1298,Artega,AD
1299,Artega,Almera
1300,Artega,Almera Tino
1301,Artega,Altima
1302,Artega,Armada
1303,Artega,Avenir
1304,Artega,Bassara
1305,Artega,Bluebird
1306,Artega,Cabstar
1307,Artega,Cargo
1308,Artega,Cedric
1309,Artega,Cefiro
1310,Artega,Cherry
1311,Artega,Cube
1312,Artega,Datsun
1313,Artega,E-NV200
1314,Artega,Elgrand
1315,Artega,Evalia
1316,Artega,Expert
1317,Artega,Figaro
1318,Artega,Frontier
1319,Artega,Gloria
1320,Artega,GT-R
1321,Artega,Interstar
1322,Artega,Juke
1323,Artega,King Cab
1324,Artega,Kubistar
1325,Artega,Laurel
1326,Artega,Leaf
1327,Artega,Liberty
1328,Artega,March
1329,Artega,Maxima
1330,Artega,Micra
1331,Artega,Murano
1332,Artega,Navara
1333,Artega,Note
1334,Artega,NP300
1335,Artega,NV200
1336,Artega,NV250
1337,Artega,NV300
1338,Artega,NV400
1339,Artega,Pathfinder
1340,Artega,Patrol
1341,Artega,Pick Up
1342,Artega,Pixo
1343,Artega,Prairie
1344,Artega,Presage
1345,Artega,Presea
1346,Artega,Primastar
1347,Artega,Primera
1348,Artega,Pulsar
1349,Artega,Qashqai
1350,Artega,Qashqai+2
1351,Artega,Quest
1352,Artega,R Nessa
1353,Artega,Rogue
1354,Artega,Safari
1355,Artega,Sentra
1356,Artega,Serena
1357,Artega,Silvia
1358,Artega,Skyline
1359,Artega,Stagea
1360,Artega,Stanza
1361,Artega,Sunny
1362,Artega,Teana
1363,Artega,Terrano
1364,Artega,Tiida
1365,Artega,Titan
1366,Artega,Trade
1367,Artega,Urvan
1368,Artega,Vanette
1369,Artega,Wingroad
1370,Artega,X-Trail
1371,Artega,Autres
1372,Aspid,Adam
1373,Aspid,Agila
1374,Aspid,Ampera
1375,Aspid,Antara
1376,Aspid,Arena
1377,Aspid,Ascona
1378,Aspid,Astra
1379,Aspid,Calibra
1380,Aspid,Campo
1381,Aspid,Cascada
1382,Aspid,Combo
1383,Aspid,Commodore
1384,Aspid,Corsa
1385,Aspid,Crossland X
1386,Aspid,Diplomat
1387,Aspid,Frontera
1388,Aspid,Grandland X
1389,Aspid,GT
1390,Aspid,Insignia
1391,Aspid,Kadett
1392,Aspid,Karl
1393,Aspid,Manta
1394,Aspid,Meriva
1395,Aspid,Mokka
1396,Aspid,Mokka X
1397,Aspid,Monterey
1398,Aspid,Monza
1399,Aspid,Movano
1400,Aspid,Omega
1401,Aspid,Pick Up Sportscap
1402,Aspid,Rekord
1403,Aspid,Senator
1404,Aspid,Signum
1405,Aspid,Sintra
1406,Aspid,Speedster
1407,Aspid,Tigra
1408,Aspid,Vectra
1409,Aspid,Vivaro
1410,Aspid,Zafira
1411,Aspid,Zafira Life
1412,Aspid,Zafira Tourer
1413,Aspid,Autres
1414,Aston Martin,Arnage Green Label
1415,Aston Martin,Arnage Red Label
1416,Aston Martin,Azure
1417,Aston Martin,Azure Mulliner
1418,Aston Martin,Camargue
1419,Aston Martin,Cloud
1420,Aston Martin,Continental R Mulliner
1421,Aston Martin,Continental R
1422,Aston Martin,Continental SC
1423,Aston Martin,Corniche
1424,Aston Martin,Cullinan
1425,Aston Martin,Dawn
1426,Aston Martin,Flying Spur
1427,Aston Martin,Ghost
1428,Aston Martin,Le Mains Series
1429,Aston Martin,Park Ward
1430,Aston Martin,Phantom
1431,Aston Martin,Phantom Drophead
1432,Aston Martin,Silver Dawn
1433,Aston Martin,Silver Seraph
1434,Aston Martin,Silver Shadow
1435,Aston Martin,Silver Spirit
1436,Aston Martin,Silver Spur
1437,Aston Martin,Silver Wraith
1438,Aston Martin,T
1439,Aston Martin,Touring
1440,Aston Martin,Wraith
1441,Aston Martin,Autres
1442,Austin,100
1443,Austin,111
1444,Austin,114
1445,Austin,115
1446,Austin,200
1447,Austin,213
1448,Austin,214
1449,Austin,216
1450,Austin,218
1451,Austin,220
1452,Austin,25
1453,Austin,400
1454,Austin,414
1455,Austin,416
1456,Austin,418
1457,Austin,420
1458,Austin,45
1459,Austin,600
1460,Austin,618
1461,Austin,620
1462,Austin,623
1463,Austin,75
1464,Austin,800
1465,Austin,820
1466,Austin,825
1467,Austin,827
1468,Austin,City Rover
1469,Austin,Estate
1470,Austin,Metro
1471,Austin,MINI
1472,Austin,Montego
1473,Austin,Rover
1474,Austin,SD
1475,Austin,Streetwise
1476,Austin,Tourer
1477,Austin,Autres
1478,Autobianchi,105
1479,Autobianchi,120
1480,Autobianchi,130
1481,Autobianchi,135
1482,Autobianchi,Citigo
1483,Autobianchi,Fabia
1484,Autobianchi,Favorit
1485,Autobianchi,Felicia
1486,Autobianchi,Forman
1487,Autobianchi,Kamiq
1488,Autobianchi,Karoq
1489,Autobianchi,Kodiaq
1490,Autobianchi,Octavia
1491,Autobianchi,Pick-up
1492,Autobianchi,Praktik
1493,Autobianchi,Rapid/Spaceback
1494,Autobianchi,Roomster
1495,Autobianchi,Scala
1496,Autobianchi,Snowman
1497,Autobianchi,Superb
1498,Autobianchi,Yeti
1499,Autobianchi,Autres
1500,Baic,Cybertruck
1501,Baic,Model 3
1502,Baic,Model S
1503,Baic,Model X
1504,Baic,Model Y
1505,Baic,Roadster
1506,Baic,Autres
1507,Bedford,4-Runner
1508,Bedford,Allion
1509,Bedford,Alphard
1510,Bedford,Altezza
1511,Bedford,Aristo
1512,Bedford,Auris
1513,Bedford,Avalon
1514,Bedford,Avensis
1515,Bedford,Avensis Verso
1516,Bedford,Aygo
1517,Bedford,BB
1518,Bedford,Belta
1519,Bedford,C-HR
1520,Bedford,Caldina
1521,Bedford,Cami
1522,Bedford,Camry
1523,Bedford,Carina
1524,Bedford,Celica
1525,Bedford,Chaser
1526,Bedford,Coaster
1527,Bedford,Corolla
1528,Bedford,Corolla Verso
1529,Bedford,Corona
1530,Bedford,Corsa
1531,Bedford,Cressida
1532,Bedford,Cresta
1533,Bedford,Crown
1534,Bedford,Duet
1535,Bedford,Dyna
1536,Bedford,Estima
1537,Bedford,FJ Cruiser
1538,Bedford,FJ40
1539,Bedford,Fortuner
1540,Bedford,Fun Cruiser
1541,Bedford,Funcargo
1542,Bedford,Gaia
1543,Bedford,GT86
1544,Bedford,Harrier
1545,Bedford,HDJ
1546,Bedford,Hiace
1547,Bedford,Highlander
1548,Bedford,Hilux
1549,Bedford,Ipsum
1550,Bedford,iQ
1551,Bedford,Ist
1552,Bedford,KJ
1553,Bedford,Land Cruiser
1554,Bedford,Land Cruiser Prado
1555,Bedford,Lite-Ace
1556,Bedford,Mark II
1557,Bedford,Matrix
1558,Bedford,Mirai
1559,Bedford,Model F
1560,Bedford,MR 2
1561,Bedford,Nadia
1562,Bedford,Noah
1563,Bedford,Opa
1564,Bedford,Paseo
1565,Bedford,Passo
1566,Bedford,Pick up
1567,Bedford,Picnic
1568,Bedford,Platz
1569,Bedford,Premio
1570,Bedford,Previa
1571,Bedford,Prius
1572,Bedford,Prius+
1573,Bedford,Proace
1574,Bedford,Ractis
1575,Bedford,Raum
1576,Bedford,RAV 4
1577,Bedford,Sequoia
1578,Bedford,Sienna
1579,Bedford,Solara
1580,Bedford,Sprinter
1581,Bedford,Starlet
1582,Bedford,Supra
1583,Bedford,Tacoma
1584,Bedford,Tercel
1585,Bedford,Town Ace
1586,Bedford,Tundra
1587,Bedford,Urban Cruiser
1588,Bedford,Venza
1589,Bedford,Verossa
1590,Bedford,Verso
1591,Bedford,Verso-S
1592,Bedford,Vista
1593,Bedford,Vitz
1594,Bedford,Voxy
1595,Bedford,Will
1596,Bedford,Windom
1597,Bedford,Wish
1598,Bedford,Yaris
1599,Bedford,Autres
1600,bmw,2002
1601,bmw,i3
1602,bmw,i8
1603,bmw,iX3
1604,bmw,M1
1605,bmw,Série 1 (tous)
1606,bmw,114
1607,bmw,116
1608,bmw,118
1609,bmw,120
1610,bmw,123
1611,bmw,125
1612,bmw,130
1613,bmw,135
1614,bmw,140
1615,bmw,Série 2 (tous)
1616,bmw,214
1617,bmw,216
1618,bmw,218
1619,bmw,220
1620,bmw,225
1621,bmw,228
1622,bmw,230
1623,bmw,235
1624,bmw,240
1625,bmw,Série 3 (tous)
1626,bmw,315
1627,bmw,316
1628,bmw,318
1629,bmw,320
1630,bmw,323
1631,bmw,324
1632,bmw,325
1633,bmw,328
1634,bmw,330
1635,bmw,335
1636,bmw,340
1637,bmw,Active Hybrid 3
1638,bmw,Série 4 (tous)
1639,bmw,418
1640,bmw,420
1641,bmw,425
1642,bmw,428
1643,bmw,430
1644,bmw,435
1645,bmw,440
1646,bmw,Série 5 (tous)
1647,bmw,518
1648,bmw,520
1649,bmw,523
1650,bmw,524
1651,bmw,525
1652,bmw,528
1653,bmw,530
1654,bmw,535
1655,bmw,540
1656,bmw,545
1657,bmw,550
1658,bmw,Active Hybrid 5
1659,bmw,Série 6 (tous)
1660,bmw,620
1661,bmw,628
1662,bmw,630
1663,bmw,633
1664,bmw,635
1665,bmw,640
1666,bmw,645
1667,bmw,650
1668,bmw,Série 7 (tous)
1669,bmw,725
1670,bmw,728
1671,bmw,730
1672,bmw,732
1673,bmw,735
1674,bmw,740
1675,bmw,745
1676,bmw,750
1677,bmw,760
1678,bmw,Active Hybrid 7
1679,bmw,Série 8 (tous)
1680,bmw,830
1681,bmw,840
1682,bmw,850
1683,bmw,Série M (tous)
1684,bmw,1er M Coupé
1685,bmw,M2
1686,bmw,M3
1687,bmw,M4
1688,bmw,M5
1689,bmw,M6
1690,bmw,M8
1691,bmw,M850
1692,bmw,Série X (tous)
1693,bmw,Active Hybrid X6
1694,bmw,X1
1695,bmw,X2
1696,bmw,X2 M
1697,bmw,X3
1698,bmw,X3 M
1699,bmw,X4
1700,bmw,X4 M
1701,bmw,X5
1702,bmw,X5 M
1703,bmw,X6
1704,bmw,X6 M
1705,bmw,X7
1706,bmw,X7 M
1707,bmw,Série Z (tous)
1708,bmw,Z1
1709,bmw,Z3
1710,bmw,Z3 M
1711,bmw,Z4
1712,bmw,Z4 M
1713,bmw,Z8
1714,bmw,Autres
1715,mercedes,170
1716,mercedes,180
1717,mercedes,190
1718,mercedes,200
1719,mercedes,208
1720,mercedes,210/310
1721,mercedes,220
1722,mercedes,230
1723,mercedes,240
1724,mercedes,250
1725,mercedes,260
1726,mercedes,270
1727,mercedes,280
1728,mercedes,300
1729,mercedes,308
1730,mercedes,320
1731,mercedes,350
1732,mercedes,380
1733,mercedes,400
1734,mercedes,416
1735,mercedes,420
1736,mercedes,450
1737,mercedes,500
1738,mercedes,560
1739,mercedes,600
1740,mercedes,Actros
1741,mercedes,AMG GT
1742,mercedes,Atego
1743,mercedes,CE (tous)
1744,mercedes,CE 200
1745,mercedes,CE 220
1746,mercedes,CE 230
1747,mercedes,CE 280
1748,mercedes,CE 300
1749,mercedes,Citan
1750,mercedes,CL (tous)
1751,mercedes,CL
1752,mercedes,CL 160
1753,mercedes,CL 180
1754,mercedes,CL 200
1755,mercedes,CL 220
1756,mercedes,CL 230
1757,mercedes,CL 320
1758,mercedes,CL 420
1759,mercedes,CL 500
1760,mercedes,CL 55 AMG
1761,mercedes,CL 600
1762,mercedes,CL 63 AMG
1763,mercedes,CL 65 AMG
1764,mercedes,CLA (tous)
1765,mercedes,CLA 180
1766,mercedes,CLA 200
1767,mercedes,CLA 220
1768,mercedes,CLA 250
1769,mercedes,CLA 35 AMG
1770,mercedes,CLA 45 AMG
1771,mercedes,Classe A (tous)
1772,mercedes,A 140
1773,mercedes,A 150
1774,mercedes,A 160
1775,mercedes,A 170
1776,mercedes,A 180
1777,mercedes,A 190
1778,mercedes,A 200
1779,mercedes,A 210
1780,mercedes,A 220
1781,mercedes,A 250
1782,mercedes,A 35 AMG
1783,mercedes,A 45 AMG
1784,mercedes,Classe B (tous)
1785,mercedes,B 150
1786,mercedes,B 160
1787,mercedes,B 170
1788,mercedes,B 180
1789,mercedes,B 200
1790,mercedes,B 220
1791,mercedes,B 250
1792,mercedes,B Electric Drive
1793,mercedes,Classe C (tous)
1794,mercedes,C 160
1795,mercedes,C 180
1796,mercedes,C 200
1797,mercedes,C 220
1798,mercedes,C 230
1799,mercedes,C 240
1800,mercedes,C 250
1801,mercedes,C 270
1802,mercedes,C 280
1803,mercedes,C 30 AMG
1804,mercedes,C 300
1805,mercedes,C 32 AMG
1806,mercedes,C 320
1807,mercedes,C 350
1808,mercedes,C 36 AMG
1809,mercedes,C 400
1810,mercedes,C 43 AMG
1811,mercedes,C 450
1812,mercedes,C 55 AMG
1813,mercedes,C 63 AMG
1814,mercedes,Classe E (tous)
1815,mercedes,E 200
1816,mercedes,E 220
1817,mercedes,E 230
1818,mercedes,E 240
1819,mercedes,E 250
1820,mercedes,E 260
1821,mercedes,E 270
1822,mercedes,E 280
1823,mercedes,E 290
1824,mercedes,E 300
1825,mercedes,E 320
1826,mercedes,E 350
1827,mercedes,E 36 AMG
1828,mercedes,E 400
1829,mercedes,E 420
1830,mercedes,E 43 AMG
1831,mercedes,E 430
1832,mercedes,E 450
1833,mercedes,E 50 AMG
1834,mercedes,E 500
1835,mercedes,E 53 AMG
1836,mercedes,E 55 AMG
1837,mercedes,E 550
1838,mercedes,E 60 AMG
1839,mercedes,E 63 AMG
1840,mercedes,Classe EQ (tous)
1841,mercedes,EQC 400
1842,mercedes,EQV 300
1843,mercedes,Classe G (tous)
1844,mercedes,G
1845,mercedes,G 230
1846,mercedes,G 240
1847,mercedes,G 250
1848,mercedes,G 270
1849,mercedes,G 280
1850,mercedes,G 290
1851,mercedes,G 300
1852,mercedes,G 320
1853,mercedes,G 350
1854,mercedes,G 400
1855,mercedes,G 500
1856,mercedes,G 55 AMG
1857,mercedes,G 63 AMG
1858,mercedes,G 65 AMG
1859,mercedes,G 650
1860,mercedes,Classe M (tous)
1861,mercedes,ML 230
1862,mercedes,ML 250
1863,mercedes,ML 270
1864,mercedes,ML 280
1865,mercedes,ML 300
1866,mercedes,ML 320
1867,mercedes,ML 350
1868,mercedes,ML 400
1869,mercedes,ML 420
1870,mercedes,ML 430
1871,mercedes,ML 450
1872,mercedes,ML 500
1873,mercedes,ML 55 AMG
1874,mercedes,ML 63 AMG
1875,mercedes,Classe R (tous)
1876,mercedes,R 280
1877,mercedes,R 300
1878,mercedes,R 320
1879,mercedes,R 350
1880,mercedes,R 500
1881,mercedes,R 63 AMG
1882,mercedes,Classe S (tous)
1883,mercedes,S 250
1884,mercedes,S 260
1885,mercedes,S 280
1886,mercedes,S 300
1887,mercedes,S 320
1888,mercedes,S 350
1889,mercedes,S 400
1890,mercedes,S 420
1891,mercedes,S 430
1892,mercedes,S 450
1893,mercedes,S 500
1894,mercedes,S 55 AMG
1895,mercedes,S 550
1896,mercedes,S 560
1897,mercedes,S 600
1898,mercedes,S 63 AMG
1899,mercedes,S 65 AMG
1900,mercedes,S 650
1901,mercedes,Classe V (tous)
1902,mercedes,V
1903,mercedes,V 200
1904,mercedes,V 220
1905,mercedes,V 230
1906,mercedes,V 250
1907,mercedes,V 280
1908,mercedes,V 300
1909,mercedes,Classe X (tous)
1910,mercedes,X 220
1911,mercedes,X 250
1912,mercedes,X 350
1913,mercedes,CLC
1914,mercedes,CLK (tous)
1915,mercedes,CLK
1916,mercedes,CLK 200
1917,mercedes,CLK 220
1918,mercedes,CLK 230
1919,mercedes,CLK 240
1920,mercedes,CLK 270
1921,mercedes,CLK 280
1922,mercedes,CLK 320
1923,mercedes,CLK 350
1924,mercedes,CLK 430
1925,mercedes,CLK 500
1926,mercedes,CLK 55 AMG
1927,mercedes,CLK 63 AMG
1928,mercedes,CLS (tous)
1929,mercedes,CLS
1930,mercedes,CLS 220
1931,mercedes,CLS 250
1932,mercedes,CLS 280
1933,mercedes,CLS 300
1934,mercedes,CLS 320
1935,mercedes,CLS 350
1936,mercedes,CLS 400
1937,mercedes,CLS 450
1938,mercedes,CLS 500
1939,mercedes,CLS 53 AMG
1940,mercedes,CLS 55 AMG
1941,mercedes,CLS 63 AMG
1942,mercedes,GL (tous)
1943,mercedes,GL 320
1944,mercedes,GL 350
1945,mercedes,GL 400
1946,mercedes,GL 420
1947,mercedes,GL 450
1948,mercedes,GL 500
1949,mercedes,GL 55 AMG
1950,mercedes,GL 63 AMG
1951,mercedes,GLA (tous)
1952,mercedes,GLA 180
1953,mercedes,GLA 200
1954,mercedes,GLA 220
1955,mercedes,GLA 250
1956,mercedes,GLA 35 AMG
1957,mercedes,GLA 45 AMG
1958,mercedes,GLB (tous)
1959,mercedes,GLB 180
1960,mercedes,GLB 200
1961,mercedes,GLB 220
1962,mercedes,GLB 250
1963,mercedes,GLB 35 AMG
1964,mercedes,GLC (tous)
1965,mercedes,GLC 200
1966,mercedes,GLC 220
1967,mercedes,GLC 250
1968,mercedes,GLC 300
1969,mercedes,GLC 350
1970,mercedes,GLC 400
1971,mercedes,GLC 43 AMG
1972,mercedes,GLC 63 AMG
1973,mercedes,GLE (tous)
1974,mercedes,GLE 250
1975,mercedes,GLE 300
1976,mercedes,GLE 350
1977,mercedes,GLE 400
1978,mercedes,GLE 43 AMG
1979,mercedes,GLE 450
1980,mercedes,GLE 500
1981,mercedes,GLE 53 AMG
1982,mercedes,GLE 580
1983,mercedes,GLE 63 AMG
1984,mercedes,GLK (tous)
1985,mercedes,GLK 200
1986,mercedes,GLK 220
1987,mercedes,GLK 250
1988,mercedes,GLK 280
1989,mercedes,GLK 300
1990,mercedes,GLK 320
1991,mercedes,GLK 350
1992,mercedes,GLS (tous)
1993,mercedes,GLS 350
1994,mercedes,GLS 400
1995,mercedes,GLS 450
1996,mercedes,GLS 500
1997,mercedes,GLS 580
1998,mercedes,GLS 600
1999,mercedes,GLS 63 AMG
2000,mercedes,Marco Polo
2001,mercedes,MB 100
2002,mercedes,SL (tous)
2003,mercedes,SL 230
2004,mercedes,SL 250
2005,mercedes,SL 280
2006,mercedes,SL 300
2007,mercedes,SL 320
2008,mercedes,SL 350
2009,mercedes,SL 380
2010,mercedes,SL 400
2011,mercedes,SL 420
2012,mercedes,SL 450
2013,mercedes,SL 500
2014,mercedes,SL 55 AMG
2015,mercedes,SL 560
2016,mercedes,SL 60 AMG
2017,mercedes,SL 600
2018,mercedes,SL 63 AMG
2019,mercedes,SL 65 AMG
2020,mercedes,SL 70 AMG
2021,mercedes,SL 73 AMG
2022,mercedes,SLC (tous)
2023,mercedes,SLC 180
2024,mercedes,SLC 200
2025,mercedes,SLC 250
2026,mercedes,SLC 280
2027,mercedes,SLC 300
2028,mercedes,SLC 350
2029,mercedes,SLC 380
2030,mercedes,SLC 43 AMG
2031,mercedes,SLC 450
2032,mercedes,SLC 500
2033,mercedes,SLK (tous)
2034,mercedes,SLK
2035,mercedes,SLK 200
2036,mercedes,SLK 230
2037,mercedes,SLK 250
2038,mercedes,SLK 280
2039,mercedes,SLK 300
2040,mercedes,SLK 32 AMG
2041,mercedes,SLK 320
2042,mercedes,SLK 350
2043,mercedes,SLK 55 AMG
2044,mercedes,SLR
2045,mercedes,SLS
2046,mercedes,Sprinter
2047,mercedes,T1
2048,mercedes,T2
2049,mercedes,Vaneo
2050,mercedes,Vario
2051,mercedes,Viano
2052,mercedes,Vito
2053,mercedes,Autres
2054,Audi,100
2055,Audi,200
2056,Audi,50
2057,Audi,80
2058,Audi,90
2059,Audi,A1
2060,Audi,A2
2061,Audi,A3
2062,Audi,A4
2063,Audi,A4 allroad
2064,Audi,A5
2065,Audi,A6
2066,Audi,A6 allroad
2067,Audi,A7
2068,Audi,A8
2069,Audi,Allroad
2070,Audi,Cabriolet
2071,Audi,Coupe
2072,Audi,e-tron
2073,Audi,Q1
2074,Audi,Q2
2075,Audi,Q3
2076,Audi,Q5
2077,Audi,Q7
2078,Audi,Q8
2079,Audi,QUATTRO
2080,Audi,R8
2081,Audi,RS
2082,Audi,RS Q3
2083,Audi,RS Q5
2084,Audi,RS Q8
2085,Audi,RS2
2086,Audi,RS3
2087,Audi,RS4
2088,Audi,RS5
2089,Audi,RS6
2090,Audi,RS7
2091,Audi,S1
2092,Audi,S2
2093,Audi,S3
2094,Audi,S4
2095,Audi,S5
2096,Audi,S6
2097,Audi,S7
2098,Audi,S8
2099,Audi,SQ2
2100,Audi,SQ3
2101,Audi,SQ5
2102,Audi,SQ7
2103,Audi,SQ8
2104,Audi,TT
2105,Audi,TT RS
2106,Audi,TTS
2107,Audi,V8
2108,Audi,Autres
2109,Volkswagen,181
2110,Volkswagen,Amarok
2111,Volkswagen,Anfibio
2112,Volkswagen,Arteon
2113,Volkswagen,Atlas
2114,Volkswagen,Beetle
2115,Volkswagen,Bora
2116,Volkswagen,Buggy
2117,Volkswagen,Bus
2118,Volkswagen,Caddy
2119,Volkswagen,CC
2120,Volkswagen,Coccinelle
2121,Volkswagen,Corrado
2122,Volkswagen,Crafter
2123,Volkswagen,Cross Touran
2124,Volkswagen,Derby
2125,Volkswagen,Eos
2126,Volkswagen,Escarabajo
2127,Volkswagen,Fox
2128,Volkswagen,Golf (tous)
2129,Volkswagen,Cross Golf
2130,Volkswagen,Golf
2131,Volkswagen,Golf Cabriolet
2132,Volkswagen,Golf GTI
2133,Volkswagen,Golf Plus
2134,Volkswagen,Golf Sportsvan
2135,Volkswagen,Golf Variant
2136,Volkswagen,Grand California
2137,Volkswagen,ID.3
2138,Volkswagen,Iltis
2139,Volkswagen,Jetta
2140,Volkswagen,Käfer
2141,Volkswagen,Karmann Ghia
2142,Volkswagen,Kever
2143,Volkswagen,L80
2144,Volkswagen,LT
2145,Volkswagen,Lupo
2146,Volkswagen,Maggiolino
2147,Volkswagen,New Beetle
2148,Volkswagen,Passat (tous)
2149,Volkswagen,Passat
2150,Volkswagen,Passat Alltrack
2151,Volkswagen,Passat CC
2152,Volkswagen,Passat Variant
2153,Volkswagen,Phaeton
2154,Volkswagen,Pointer
2155,Volkswagen,Polo (tous)
2156,Volkswagen,Polo
2157,Volkswagen,Polo Cross
2158,Volkswagen,Polo GTI
2159,Volkswagen,Polo Plus
2160,Volkswagen,Polo R WRC
2161,Volkswagen,Polo Sedan
2162,Volkswagen,Polo Variant
2163,Volkswagen,Routan
2164,Volkswagen,Santana
2165,Volkswagen,Scirocco
2166,Volkswagen,Sharan
2167,Volkswagen,T-Cross
2168,Volkswagen,T-Roc
2169,Volkswagen,T1
2170,Volkswagen,T2
2171,Volkswagen,T3 (tous)
2172,Volkswagen,T3
2173,Volkswagen,T3 Blue Star
2174,Volkswagen,T3 California
2175,Volkswagen,T3 Caravelle
2176,Volkswagen,T3 Kombi
2177,Volkswagen,T3 Multivan
2178,Volkswagen,T3 White Star
2179,Volkswagen,T4 (tous)
2180,Volkswagen,T4
2181,Volkswagen,T4 Allstar
2182,Volkswagen,T4 California
2183,Volkswagen,T4 Caravelle
2184,Volkswagen,T4 Kombi
2185,Volkswagen,T4 Multivan
2186,Volkswagen,T5 (tous)
2187,Volkswagen,T5
2188,Volkswagen,T5 California
2189,Volkswagen,T5 Caravelle
2190,Volkswagen,T5 Kombi
2191,Volkswagen,T5 Multivan
2192,Volkswagen,T5 Shuttle
2193,Volkswagen,T5 Transporter
2194,Volkswagen,T6 (tous)
2195,Volkswagen,T6 California
2196,Volkswagen,T6 Caravelle
2197,Volkswagen,T6 Kombi
2198,Volkswagen,T6 Multivan
2199,Volkswagen,T6 Transporter
2200,Volkswagen,Taro
2201,Volkswagen,Tiguan
2202,Volkswagen,Touareg
2203,Volkswagen,Touran
2204,Volkswagen,Transporter
2205,Volkswagen,up!
2206,Volkswagen,Vento
2207,Volkswagen,XL1
2208,Volkswagen,Autres
2209,Peugeot,1007
2210,Peugeot,104
2211,Peugeot,106
2212,Peugeot,107
2213,Peugeot,108
2214,Peugeot,2008
2215,Peugeot,204
2216,Peugeot,205
2217,Peugeot,206
2218,Peugeot,207
2219,Peugeot,208
2220,Peugeot,3008
2221,Peugeot,301
2222,Peugeot,304
2223,Peugeot,305
2224,Peugeot,306
2225,Peugeot,307
2226,Peugeot,308
2227,Peugeot,309
2228,Peugeot,4007
2229,Peugeot,4008
2230,Peugeot,404
2231,Peugeot,405
2232,Peugeot,406
2233,Peugeot,407
2234,Peugeot,5008
2235,Peugeot,504
2236,Peugeot,505
2237,Peugeot,508
2238,Peugeot,604
2239,Peugeot,605
2240,Peugeot,607
2241,Peugeot,806
2242,Peugeot,807
2243,Peugeot,Bipper
2244,Peugeot,Boxer
2245,Peugeot,Camper
2246,Peugeot,Expert
2247,Peugeot,iOn
2248,Peugeot,J5
2249,Peugeot,J9
2250,Peugeot,Partner
2251,Peugeot,Ranch
2252,Peugeot,RCZ
2253,Peugeot,Rifter
2254,Peugeot,Traveller
2255,Peugeot,Autres
2256,Renault,Alaskan
2257,Renault,Alpine A110
2258,Renault,Alpine A310
2259,Renault,Alpine A610
2260,Renault,Alpine V6
2261,Renault,Avantime
2262,Renault,Captur
2263,Renault,Clio
2264,Renault,Coupe
2265,Renault,Duster
2266,Renault,Espace
2267,Renault,Express
2268,Renault,Fluence
2269,Renault,Fluence Z.E.
2270,Renault,Fuego
2271,Renault,Grand Espace
2272,Renault,Grand Modus
2273,Renault,Grand Scenic
2274,Renault,Kadjar
2275,Renault,Kangoo
2276,Renault,Kangoo Z.E.
2277,Renault,Koleos
2278,Renault,Laguna
2279,Renault,Latitude
2280,Renault,Logan
2281,Renault,Mascott
2282,Renault,Master
2283,Renault,Megane
2284,Renault,Messenger
2285,Renault,Modus
2286,Renault,P 1400
2287,Renault,R 11
2288,Renault,R 14
2289,Renault,R 18
2290,Renault,R 19
2291,Renault,R 20
2292,Renault,R 21
2293,Renault,R 25
2294,Renault,R 30
2295,Renault,R 4
2296,Renault,R 5
2297,Renault,R 6
2298,Renault,R 9
2299,Renault,Rapid
2300,Renault,Safrane
2301,Renault,Sandero
2302,Renault,Sandero Stepway
2303,Renault,Scenic
2304,Renault,Spider
2305,Renault,Super 5
2306,Renault,Symbol
2307,Renault,Talisman
2308,Renault,Trafic
2309,Renault,Twingo
2310,Renault,Twizy
2311,Renault,Vel Satis
2312,Renault,Wind
2313,Renault,ZOE
2314,Renault,Autres
2315,Citroen,2CV
2316,Citroen,Acadiane
2317,Citroen,Ami
2318,Citroen,AX
2319,Citroen,Axel
2320,Citroen,Berlingo
2321,Citroen,BX
2322,Citroen,C-Crosser
2323,Citroen,C-Elysée
2324,Citroen,C-Zero
2325,Citroen,C1
2326,Citroen,C15
2327,Citroen,C2
2328,Citroen,C25
2329,Citroen,C3 (tous)
2330,Citroen,C3
2331,Citroen,C3 Aircross
2332,Citroen,C3 Picasso
2333,Citroen,C35
2334,Citroen,C4 (tous)
2335,Citroen,C4
2336,Citroen,C4 Aircross
2337,Citroen,C4 Cactus
2338,Citroen,C4 Picasso
2339,Citroen,C4 SpaceTourer
2340,Citroen,Grand C4 Picasso
2341,Citroen,Grand C4 SpaceTourer
2342,Citroen,C5 (tous)
2343,Citroen,C5
2344,Citroen,C5 Aircross
2345,Citroen,C6
2346,Citroen,C8
2347,Citroen,CX
2348,Citroen,DS
2349,Citroen,DS3
2350,Citroen,DS4
2351,Citroen,DS5
2352,Citroen,Dyane
2353,Citroen,E-Méhari
2354,Citroen,Evasion
2355,Citroen,GSA
2356,Citroen,Jumper
2357,Citroen,Jumpy
2358,Citroen,LNA
2359,Citroen,Méhari
2360,Citroen,Nemo
2361,Citroen,SAXO
2362,Citroen,SM
2363,Citroen,Spacetourer
2364,Citroen,Traction
2365,Citroen,Visa
2366,Citroen,Xantia
2367,Citroen,XM
2368,Citroen,Xsara
2369,Citroen,Xsara Picasso
2370,Citroen,ZX
2371,Citroen,Autres
2372,AlphaRomeo,145
2373,AlphaRomeo,146
2374,AlphaRomeo,147
2375,AlphaRomeo,155
2376,AlphaRomeo,156
2377,AlphaRomeo,159
2378,AlphaRomeo,164
2379,AlphaRomeo,166
2380,AlphaRomeo,1750
2381,AlphaRomeo,2000
2382,AlphaRomeo,33
2383,AlphaRomeo,4C
2384,AlphaRomeo,75
2385,AlphaRomeo,8C
2386,AlphaRomeo,90
2387,AlphaRomeo,Alfa 6
2388,AlphaRomeo,Alfasud
2389,AlphaRomeo,Alfetta
2390,AlphaRomeo,Brera
2391,AlphaRomeo,Crosswagon
2392,AlphaRomeo,Giulia
2393,AlphaRomeo,Giulietta
2394,AlphaRomeo,GT
2395,AlphaRomeo,GTV
2396,AlphaRomeo,MiTo
2397,AlphaRomeo,Montreal
2398,AlphaRomeo,Quadrifoglio
2399,AlphaRomeo,RZ
2400,AlphaRomeo,Spider
2401,AlphaRomeo,Sportwagon
2402,AlphaRomeo,Sprint
2403,AlphaRomeo,Stelvio
2404,AlphaRomeo,SZ
2405,AlphaRomeo,Tonale
2406,AlphaRomeo,Autres
2407,Chevrolet,2500
2408,Chevrolet,Alero
2409,Chevrolet,Astro
2410,Chevrolet,Avalanche
2411,Chevrolet,Aveo
2412,Chevrolet,Bel Air
2413,Chevrolet,Beretta
2414,Chevrolet,Blazer
2415,Chevrolet,Bolt
2416,Chevrolet,C1500
2417,Chevrolet,Camaro
2418,Chevrolet,Caprice
2419,Chevrolet,Captiva
2420,Chevrolet,Cavalier
2421,Chevrolet,Celebrity
2422,Chevrolet,Chevelle
2423,Chevrolet,Chevy Van
2424,Chevrolet,Citation
2425,Chevrolet,Colorado
2426,Chevrolet,Corsica
2427,Chevrolet,Corvette
2428,Chevrolet,Crew cab
2429,Chevrolet,Cruze
2430,Chevrolet,Dixie van
2431,Chevrolet,El Camino
2432,Chevrolet,Epica
2433,Chevrolet,Equinox
2434,Chevrolet,Evanda
2435,Chevrolet,Express
2436,Chevrolet,G
2437,Chevrolet,HHR
2438,Chevrolet,Impala
2439,Chevrolet,K1500
2440,Chevrolet,K30
2441,Chevrolet,Kalos
2442,Chevrolet,Lacetti
2443,Chevrolet,Lanos
2444,Chevrolet,Lumina
2445,Chevrolet,Malibu
2446,Chevrolet,Matiz
2447,Chevrolet,Monte Carlo
2448,Chevrolet,Niva
2449,Chevrolet,Nubira
2450,Chevrolet,Orlando
2451,Chevrolet,Rezzo
2452,Chevrolet,S-10
2453,Chevrolet,Silverado
2454,Chevrolet,Spark
2455,Chevrolet,SSR
2456,Chevrolet,Suburban
2457,Chevrolet,Tacuma
2458,Chevrolet,Tahoe
2459,Chevrolet,Tracker
2460,Chevrolet,Trailblazer
2461,Chevrolet,Trans Sport
2462,Chevrolet,Traverse
2463,Chevrolet,Trax
2464,Chevrolet,Uplander
2465,Chevrolet,Viva
2466,Chevrolet,Volt
2467,Chevrolet,Autres
2468,fiat,124 Coupè
2469,fiat,124 Spider
2470,fiat,126
2471,fiat,127
2472,fiat,128
2473,fiat,130
2474,fiat,131
2475,fiat,132
2476,fiat,133
2477,fiat,242
2478,fiat,500
2479,fiat,500 Abarth
2480,fiat,500C
2481,fiat,500C Abarth
2482,fiat,500e
2483,fiat,500L
2484,fiat,500X
2485,fiat,595 Abarth
2486,fiat,600
2487,fiat,850
2488,fiat,900
2489,fiat,Albea
2490,fiat,Argenta
2491,fiat,Barchetta
2492,fiat,Brava
2493,fiat,Bravo
2494,fiat,Campagnola
2495,fiat,Cinquecento
2496,fiat,Coupe
2497,fiat,Croma
2498,fiat,Dino
2499,fiat,Doblo
2500,fiat,Ducato
2501,fiat,Duna
2502,fiat,Fiorino
2503,fiat,Freemont
2504,fiat,Fullback
2505,fiat,Grande Punto
2506,fiat,Idea
2507,fiat,Linea
2508,fiat,Marea
2509,fiat,Marengo
2510,fiat,Maxi
2511,fiat,Multipla
2512,fiat,New Panda
2513,fiat,Palio
2514,fiat,Panda
2515,fiat,Penny
2516,fiat,Pininfarina
2517,fiat,Punto
2518,fiat,Punto Evo
2519,fiat,Qubo
2520,fiat,Regata
2521,fiat,Ritmo
2522,fiat,Scudo
2523,fiat,Sedici
2524,fiat,Seicento
2525,fiat,Spider Europa
2526,fiat,Stilo
2527,fiat,Strada
2528,fiat,Talento
2529,fiat,Tempra
2530,fiat,Tipo
2531,fiat,Ulysse
2532,fiat,Uno
2533,fiat,X 1/9
2534,fiat,Autres
2535,ford,Aerostar
2536,ford,B-Max
2537,ford,Bronco
2538,ford,C-Max
2539,ford,Capri
2540,ford,Connect Elekto
2541,ford,Consul
2542,ford,Cougar
2543,ford,Courier
2544,ford,Crown
2545,ford,Econoline
2546,ford,Econovan
2547,ford,EcoSport
2548,ford,Edge
2549,ford,Escape
2550,ford,Escort
2551,ford,Excursion
2552,ford,Expedition
2553,ford,Explorer
2554,ford,Express
2555,ford,F 1
2556,ford,F 100
2557,ford,F 150
2558,ford,F 250
2559,ford,F 350
2560,ford,F 360
2561,ford,F 450
2562,ford,F 550
2563,ford,F 650
2564,ford,F Super Duty
2565,ford,Fairlane
2566,ford,Falcon
2567,ford,Fiesta
2568,ford,Flex
2569,ford,Focus
2570,ford,Focus C-Max
2571,ford,Focus CC
2572,ford,Freestar
2573,ford,Freestyle
2574,ford,Fusion
2575,ford,Galaxy
2576,ford,Gran Torino
2577,ford,Granada
2578,ford,Grand C-Max
2579,ford,GT
2580,ford,Ka/Ka+
2581,ford,Kuga
2582,ford,M
2583,ford,Maverick
2584,ford,Mercury
2585,ford,Mondeo
2586,ford,Mustang
2587,ford,Orion
2588,ford,Probe
2589,ford,Puma
2590,ford,Ranger
2591,ford,RS 200
2592,ford,S-Max
2593,ford,Scorpio
2594,ford,Sierra
2595,ford,Sportka
2596,ford,Streetka
2597,ford,Taunus
2598,ford,Taurus
2599,ford,Thunderbird
2600,ford,Torino
2601,ford,Tourneo (tous)
2602,ford,Tourneo
2603,ford,Tourneo Connect
2604,ford,Tourneo Courier
2605,ford,Tourneo Custom
2606,ford,Transit (tous)
2607,ford,Transit
2608,ford,Transit Bus
2609,ford,Transit Connect
2610,ford,Transit Courier
2611,ford,Transit Custom
2612,ford,Windstar
2613,ford,Autres
2614,honda,Accord
2615,honda,Ascot
2616,honda,Avancier
2617,honda,Beat
2618,honda,Capa
2619,honda,City
2620,honda,Civic
2621,honda,Clarity
2622,honda,Concerto
2623,honda,CR-V
2624,honda,CR-Z
2625,honda,Crosstour
2626,honda,CRX
2627,honda,e
2628,honda,Element
2629,honda,Fit
2630,honda,FR-V
2631,honda,HR-V
2632,honda,Insight
2633,honda,Inspire
2634,honda,Integra
2635,honda,Jazz
2636,honda,Legend
2637,honda,Life
2638,honda,Logo
2639,honda,Mobilio
2640,honda,NSX
2641,honda,Odyssey
2642,honda,Orthia
2643,honda,Partner
2644,honda,Pilot
2645,honda,Prelude
2646,honda,Quintet
2647,honda,Ridgeline
2648,honda,S 2000
2649,honda,Saber
2650,honda,Sabre
2651,honda,Shuttle
2652,honda,Sm-x
2653,honda,Stepwgn
2654,honda,Stream
2655,honda,Torneo
2656,honda,Autres
2657,hyundai,Accent
2658,hyundai,Atos
2659,hyundai,Avante
2660,hyundai,Azera
2661,hyundai,Coupe
2662,hyundai,Creta
2663,hyundai,Elantra
2664,hyundai,Equus
2665,hyundai,Excel
2666,hyundai,Galloper
2667,hyundai,Genesis
2668,hyundai,Genesis Coupe
2669,hyundai,Getz
2670,hyundai,Grace
2671,hyundai,Grand Santa Fe
2672,hyundai,Grandeur
2673,hyundai,H 100
2674,hyundai,H 200
2675,hyundai,H 300
2676,hyundai,H 350
2677,hyundai,H-1
2678,hyundai,Highway
2679,hyundai,i10
2680,hyundai,i20
2681,hyundai,i30
2682,hyundai,i40
2683,hyundai,i50
2684,hyundai,i800
2685,hyundai,Ioniq
2686,hyundai,iX20
2687,hyundai,iX35
2688,hyundai,iX55
2689,hyundai,Kona
2690,hyundai,Lantra
2691,hyundai,Matrix
2692,hyundai,Nexo
2693,hyundai,NF
2694,hyundai,Pony
2695,hyundai,Porter
2696,hyundai,S-Coupe
2697,hyundai,Santa Fe
2698,hyundai,Santamo
2699,hyundai,Satellite
2700,hyundai,Solaris
2701,hyundai,Sonata
2702,hyundai,Sonica
2703,hyundai,Starex
2704,hyundai,Stellar
2705,hyundai,Terracan
2706,hyundai,Tiburon
2707,hyundai,Trajet
2708,hyundai,Tucson
2709,hyundai,Veloster
2710,hyundai,Veracruz
2711,hyundai,Verna
2712,hyundai,XG 250
2713,hyundai,XG 30
2714,hyundai,XG 350
2715,hyundai,Autres
2716,isuzu,Axiom
2717,isuzu,Bighorn
2718,isuzu,Campo
2719,isuzu,D-Max
2720,isuzu,DLX
2721,isuzu,Gemini
2722,isuzu,Midi
2723,isuzu,NKR
2724,isuzu,NNR
2725,isuzu,NPR
2726,isuzu,PICK UP
2727,isuzu,Rodeo
2728,isuzu,Trooper
2729,isuzu,WFR
2730,isuzu,Autres
2731,iveco,Campagnola
2732,iveco,Daily
2733,iveco,Massif
2734,iveco,Autres
2735,mahindra,Alturas G4
2736,mahindra,Bolero
2737,mahindra,CJ
2738,mahindra,Genio
2739,mahindra,Goa
2740,mahindra,Jeep
2741,mahindra,KUV100
2742,mahindra,Marazzo
2743,mahindra,NuvoSport
2744,mahindra,Quanto
2745,mahindra,Reva
2746,mahindra,Scorpio
2747,mahindra,Thar
2748,mahindra,TUV300
2749,mahindra,Verito
2750,mahindra,XUV300
2751,mahindra,XUV500
2752,mahindra,Xylo
2753,mahindra,Autres
2754,mazda,121
2755,mazda,2
2756,mazda,3
2757,mazda,323
2758,mazda,5
2759,mazda,6
2760,mazda,626
2761,mazda,929
2762,mazda,Atenza
2763,mazda,Axela
2764,mazda,B Series
2765,mazda,Bongo
2766,mazda,BT-50
2767,mazda,Capella
2768,mazda,CX-3
2769,mazda,CX-30
2770,mazda,CX-5
2771,mazda,CX-7
2772,mazda,CX-9
2773,mazda,Demio
2774,mazda,E Series
2775,mazda,Familia
2776,mazda,Millenia
2777,mazda,MPV
2778,mazda,MX-3
2779,mazda,MX-30
2780,mazda,MX-5
2781,mazda,MX-6
2782,mazda,Pick Up
2783,mazda,Premacy
2784,mazda,Protege
2785,mazda,RX-7
2786,mazda,RX-8
2787,mazda,RX-9
2788,mazda,Tribute
2789,mazda,Xedos
2790,mazda,Autres
2791,mini,1000
2792,mini,1300
2793,mini,3/5 Portes
2794,mini,Cooper
2795,mini,Cooper D
2796,mini,Cooper S
2797,mini,Cooper SD
2798,mini,Cooper SE
2799,mini,John Cooper Works
2800,mini,One
2801,mini,One D
2802,mini,Clubvan
2803,mini,Gamme Cabrio (tous)
2804,mini,Cooper Cabrio
2805,mini,Cooper D Cabrio
2806,mini,Cooper S Cabrio
2807,mini,Cooper SD Cabrio
2808,mini,John Cooper Works Cabrio
2809,mini,One Cabrio
2810,mini,Gamme Clubman (tous)
2811,mini,Cooper Clubman
2812,mini,Cooper D Clubman
2813,mini,Cooper S Clubman
2814,mini,Cooper SD Clubman
2815,mini,John Cooper Works Clubman
2816,mini,One Clubman
2817,mini,One D Clubman
2818,mini,Gamme Countryman (tous)
2819,mini,Cooper Countryman
2820,mini,Cooper D Countryman
2821,mini,Cooper S Countryman
2822,mini,Cooper SD Countryman
2823,mini,Cooper SE Countryman
2824,mini,John Cooper Works Countryman
2825,mini,One Countryman
2826,mini,One D Countryman
2827,mini,Gamme Coupe (tous)
2828,mini,Cooper Coupe
2829,mini,Cooper D Coupe
2830,mini,Cooper S Coupe
2831,mini,Cooper SD Coupe
2832,mini,John Cooper Works Coupe
2833,mini,Gamme Paceman (tous)
2834,mini,Cooper D Paceman
2835,mini,Cooper Paceman
2836,mini,Cooper S Paceman
2837,mini,Cooper SD Paceman
2838,mini,John Cooper Works Paceman
2839,mini,Gamme Roadster (tous)
2840,mini,Cooper Roadster
2841,mini,Cooper S Roadster
2842,mini,Cooper SD Roadster
2843,mini,John Cooper Works Roadster
2844,mini,Autres
2845,mitsubishi,3000 GT
2846,mitsubishi,400
2847,mitsubishi,Airtrek
2848,mitsubishi,ASX
2849,mitsubishi,Attrage
2850,mitsubishi,Canter
2851,mitsubishi,Carisma
2852,mitsubishi,Chariot
2853,mitsubishi,Colt
2854,mitsubishi,Cordia
2855,mitsubishi,Cosmos
2856,mitsubishi,Delica
2857,mitsubishi,Diamante
2858,mitsubishi,DINGO
2859,mitsubishi,Dion
2860,mitsubishi,Eclipse
2861,mitsubishi,Eclipse Cross
2862,mitsubishi,FTO
2863,mitsubishi,Galant
2864,mitsubishi,Galloper
2865,mitsubishi,Grandis
2866,mitsubishi,I-MiEV
2867,mitsubishi,L200
2868,mitsubishi,L300
2869,mitsubishi,L400
2870,mitsubishi,Lancer
2871,mitsubishi,Legnum
2872,mitsubishi,Libero
2873,mitsubishi,Mirage
2874,mitsubishi,Montero
2875,mitsubishi,Outlander
2876,mitsubishi,Pajero
2877,mitsubishi,Pajero Pinin
2878,mitsubishi,Pajero Sport
2879,mitsubishi,PICK UP
2880,mitsubishi,RVR
2881,mitsubishi,Santamo
2882,mitsubishi,Sapporo
2883,mitsubishi,Shogun
2884,mitsubishi,Sigma
2885,mitsubishi,Space Gear
2886,mitsubishi,Space Runner
2887,mitsubishi,Space Star
2888,mitsubishi,Space Wagon
2889,mitsubishi,Starion
2890,mitsubishi,Tredia
2891,mitsubishi,Autres
2892,nissan,100 NX
2893,nissan,200 SX
2894,nissan,280 ZX
2895,nissan,300 ZX
2896,nissan,350Z
2897,nissan,370Z
2898,nissan,AD
2899,nissan,Almera
2900,nissan,Almera Tino
2901,nissan,Altima
2902,nissan,Armada
2903,nissan,Avenir
2904,nissan,Bassara
2905,nissan,Bluebird
2906,nissan,Cabstar
2907,nissan,Cargo
2908,nissan,Cedric
2909,nissan,Cefiro
2910,nissan,Cherry
2911,nissan,Cube
2912,nissan,Datsun
2913,nissan,E-NV200
2914,nissan,Elgrand
2915,nissan,Evalia
2916,nissan,Expert
2917,nissan,Figaro
2918,nissan,Frontier
2919,nissan,Gloria
2920,nissan,GT-R
2921,nissan,Interstar
2922,nissan,Juke
2923,nissan,King Cab
2924,nissan,Kubistar
2925,nissan,Laurel
2926,nissan,Leaf
2927,nissan,Liberty
2928,nissan,March
2929,nissan,Maxima
2930,nissan,Micra
2931,nissan,Murano
2932,nissan,Navara
2933,nissan,Note
2934,nissan,NP300
2935,nissan,NV200
2936,nissan,NV250
2937,nissan,NV300
2938,nissan,NV400
2939,nissan,Pathfinder
2940,nissan,Patrol
2941,nissan,Pick Up
2942,nissan,Pixo
2943,nissan,Prairie
2944,nissan,Presage
2945,nissan,Presea
2946,nissan,Primastar
2947,nissan,Primera
2948,nissan,Pulsar
2949,nissan,Qashqai
2950,nissan,Qashqai+2
2951,nissan,Quest
2952,nissan,R Nessa
2953,nissan,Rogue
2954,nissan,Safari
2955,nissan,Sentra
2956,nissan,Serena
2957,nissan,Silvia
2958,nissan,Skyline
2959,nissan,Stagea
2960,nissan,Stanza
2961,nissan,Sunny
2962,nissan,Teana
2963,nissan,Terrano
2964,nissan,Tiida
2965,nissan,Titan
2966,nissan,Trade
2967,nissan,Urvan
2968,nissan,Vanette
2969,nissan,Wingroad
2970,nissan,X-Trail
2971,nissan,Autres
2972,opel,Adam
2973,opel,Agila
2974,opel,Ampera
2975,opel,Antara
2976,opel,Arena
2977,opel,Ascona
2978,opel,Astra
2979,opel,Calibra
2980,opel,Campo
2981,opel,Cascada
2982,opel,Combo
2983,opel,Commodore
2984,opel,Corsa
2985,opel,Crossland X
2986,opel,Diplomat
2987,opel,Frontera
2988,opel,Grandland X
2989,opel,GT
2990,opel,Insignia
2991,opel,Kadett
2992,opel,Karl
2993,opel,Manta
2994,opel,Meriva
2995,opel,Mokka
2996,opel,Mokka X
2997,opel,Monterey
2998,opel,Monza
2999,opel,Movano
3000,opel,Omega
3001,opel,Pick Up Sportscap
3002,opel,Rekord
3003,opel,Senator
3004,opel,Signum
3005,opel,Sintra
3006,opel,Speedster
3007,opel,Tigra
3008,opel,Vectra
3009,opel,Vivaro
3010,opel,Zafira
3011,opel,Zafira Life
3012,opel,Zafira Tourer
3013,opel,Autres
3014,rolls_royce,Arnage Green Label
3015,rolls_royce,Arnage Red Label
3016,rolls_royce,Azure
3017,rolls_royce,Azure Mulliner
3018,rolls_royce,Camargue
3019,rolls_royce,Cloud
3020,rolls_royce,Continental R Mulliner
3021,rolls_royce,Continental R
3022,rolls_royce,Continental SC
3023,rolls_royce,Corniche
3024,rolls_royce,Cullinan
3025,rolls_royce,Dawn
3026,rolls_royce,Flying Spur
3027,rolls_royce,Ghost
3028,rolls_royce,Le Mains Series
3029,rolls_royce,Park Ward
3030,rolls_royce,Phantom
3031,rolls_royce,Phantom Drophead
3032,rolls_royce,Silver Dawn
3033,rolls_royce,Silver Seraph
3034,rolls_royce,Silver Shadow
3035,rolls_royce,Silver Spirit
3036,rolls_royce,Silver Spur
3037,rolls_royce,Silver Wraith
3038,rolls_royce,T
3039,rolls_royce,Touring
3040,rolls_royce,Wraith
3041,rolls_royce,Autres
3042,rover,100
3043,rover,111
3044,rover,114
3045,rover,115
3046,rover,200
3047,rover,213
3048,rover,214
3049,rover,216
3050,rover,218
3051,rover,220
3052,rover,25
3053,rover,400
3054,rover,414
3055,rover,416
3056,rover,418
3057,rover,420
3058,rover,45
3059,rover,600
3060,rover,618
3061,rover,620
3062,rover,623
3063,rover,75
3064,rover,800
3065,rover,820
3066,rover,825
3067,rover,827
3068,rover,City Rover
3069,rover,Estate
3070,rover,Metro
3071,rover,MINI
3072,rover,Montego
3073,rover,Rover
3074,rover,SD
3075,rover,Streetwise
3076,rover,Tourer
3077,rover,Autres
3078,skoda,105
3079,skoda,120
3080,skoda,130
3081,skoda,135
3082,skoda,Citigo
3083,skoda,Fabia
3084,skoda,Favorit
3085,skoda,Felicia
3086,skoda,Forman
3087,skoda,Kamiq
3088,skoda,Karoq
3089,skoda,Kodiaq
3090,skoda,Octavia
3091,skoda,Pick-up
3092,skoda,Praktik
3093,skoda,Rapid/Spaceback
3094,skoda,Roomster
3095,skoda,Scala
3096,skoda,Snowman
3097,skoda,Superb
3098,skoda,Yeti
3099,skoda,Autres
3100,tesla,Cybertruck
3101,tesla,Model 3
3102,tesla,Model S
3103,tesla,Model X
3104,tesla,Model Y
3105,tesla,Roadster
3106,tesla,Autres
3107,toyota,4-Runner
3108,toyota,Allion
3109,toyota,Alphard
3110,toyota,Altezza
3111,toyota,Aristo
3112,toyota,Auris
3113,toyota,Avalon
3114,toyota,Avensis
3115,toyota,Avensis Verso
3116,toyota,Aygo
3117,toyota,BB
3118,toyota,Belta
3119,toyota,C-HR
3120,toyota,Caldina
3121,toyota,Cami
3122,toyota,Camry
3123,toyota,Carina
3124,toyota,Celica
3125,toyota,Chaser
3126,toyota,Coaster
3127,toyota,Corolla
3128,toyota,Corolla Verso
3129,toyota,Corona
3130,toyota,Corsa
3131,toyota,Cressida
3132,toyota,Cresta
3133,toyota,Crown
3134,toyota,Duet
3135,toyota,Dyna
3136,toyota,Estima
3137,toyota,FJ Cruiser
3138,toyota,FJ40
3139,toyota,Fortuner
3140,toyota,Fun Cruiser
3141,toyota,Funcargo
3142,toyota,Gaia
3143,toyota,GT86
3144,toyota,Harrier
3145,toyota,HDJ
3146,toyota,Hiace
3147,toyota,Highlander
3148,toyota,Hilux
3149,toyota,Ipsum
3150,toyota,iQ
3151,toyota,Ist
3152,toyota,KJ
3153,toyota,Land Cruiser
3154,toyota,Land Cruiser Prado
3155,toyota,Lite-Ace
3156,toyota,Mark II
3157,toyota,Matrix
3158,toyota,Mirai
3159,toyota,Model F
3160,toyota,MR 2
3161,toyota,Nadia
3162,toyota,Noah
3163,toyota,Opa
3164,toyota,Paseo
3165,toyota,Passo
3166,toyota,Pick up
3167,toyota,Picnic
3168,toyota,Platz
3169,toyota,Premio
3170,toyota,Previa
3171,toyota,Prius
3172,toyota,Prius+
3173,toyota,Proace
3174,toyota,Ractis
3175,toyota,Raum
3176,toyota,RAV 4
3177,toyota,Sequoia
3178,toyota,Sienna
3179,toyota,Solara
3180,toyota,Sprinter
3181,toyota,Starlet
3182,toyota,Supra
3183,toyota,Tacoma
3184,toyota,Tercel
3185,toyota,Town Ace
3186,toyota,Tundra
3187,toyota,Urban Cruiser
3188,toyota,Venza
3189,toyota,Verossa
3190,toyota,Verso
3191,toyota,Verso-S
3192,toyota,Vista
3193,toyota,Vitz
3194,toyota,Voxy
3195,toyota,Will
3196,toyota,Windom
3197,toyota,Wish
3198,toyota,Yaris
3199,toyota,Autres
